SMILES,Activity,Name
O=C(CCCn1c(=S)[nH]c2cc3c(cc2c1=O)OCO3)N1CCN(c2ccc(F)cc2)CC1,-1,26724476
O=C(C[C@@H]1C=C[C@H](NC(=O)C2CC2)[C@H](CO)O1)Nc1nccs1,-1,131436105
O=C(O)C[C@H]1CC[C@H]2[C@@H](COC[C@H](O)CN2S(=O)(=O)c2ccc(Oc3ccccc3)cc2)O1,-1,131454107
Fc1cccc(Nc2nc(-c3ccncc3)nc3ccccc23)c1,-1,17512875
COc1cccc(C(=O)OC(C)C(=O)NCC2CCCCC2)c1,-1,57264899
CN1CCN(NC(=O)Nc2ccc(F)cc2)CC1,-1,49823490
Cc1ccccc1NC(=O)C1CCCN(S(=O)(=O)c2c[nH]cn2)C1,-1,7967180
O=C(COC(=O)c1ccc([N+](=O)[O-])o1)Nc1ccc(F)cc1,-1,85198968
CC(=O)Nc1ccc(C=NNc2ccc([N+](=O)[O-])cc2S(=O)(=O)Nc2ccccc2C(=O)O)cc1,-1,85271602
CO[C@H]1CN(C)C(=O)c2ccc(NC(=O)C3CC3)cc2OC[C@H](C)N(Cc2ccccc2)C[C@H]1C,-1,131431200
O=[N+]([O-])c1ccc(NCCN2CCOCC2)c([N+](=O)[O-])c1,-1,47199357
Nc1cc(C(Cl)=C(Cl)Cl)c(S(N)(=O)=O)cc1S(N)(=O)=O,-1,56463526
CCOc1cc2c(cc1OC)C(c1cccc([N+](=O)[O-])c1)NCC2,-1,24783405
CO[C@@H]1CN(C)C(=O)c2ccc(NC(=O)C3CC3)cc2OC[C@@H](C)N(Cc2ccccc2)C[C@@H]1C,-1,131431201
CCOC(=O)[C@H]1[C@H]2COc3ccc(Cl)cc3[C@@H]2N2C(=O)CN(Cc3ccc(C)cc3)C(=O)[C@@]12C,-1,85146964
CO[C@@H]1CN(C)C(=O)c2ccc(NC(=O)c3ccccc3)cc2OC[C@@H](C)N(C(=O)C2CC2)C[C@@H]1C,-1,131429299
COc1ccc(S(=O)(=O)n2cnc3ccccc32)cc1OC,-1,49642634
COC(=O)CN1C(=O)COc2ccc(S(=O)(=O)N3CCCCC3)cc21,-1,103076495
CCC(=O)N1CCC1(C)C(=O)Nc1ccc2c(c1)CCN2C(C)=O,-1,103158848
Cc1cc(S(=O)(=O)Nc2cnccc2C(=O)Nc2nc(-c3ccccc3)cs2)c(C)o1,-1,70789477
COc1cc(Br)cc(CN2CCN(C/C=C/c3ccccc3)CC2)c1O,-1,26668637
CCC1=NN(C(=O)c2ccccc2O)C(O)(c2ccccc2)C1,-1,47204716
Cc1[nH]c2ccc(C(=O)NCCCN3CCCCC3C)cc2c1C,-1,49719408
Cc1ccc(S(=O)(=O)N2CCCN(C(=O)c3ccoc3)CC2)cc1,-1,17468125
O=C(Nc1ccccc1)C1CCN(S(=O)(=O)c2ccc3c(c2)OCCO3)CC1,-1,56316963
Cc1ccc(C(=O)N2CCN(S(=O)(=O)c3ccccc3)CC2)o1,-1,9496024
Cc1ccccc1C(=O)O/N=C(\N)c1ccccc1,-1,49667183
O=C(Nc1ccc(F)cc1)c1ccccc1NC(=O)C1CC=CCC1C(=O)O,-1,49824362
CO[C@H]1CN(C)C(=O)c2ccc(NC(=O)C3CC3)cc2OC[C@@H](C)N(Cc2cccc(F)c2)C[C@H]1C,-1,131429303
CCC(C)Nc1nc2c(C)cccn2c(=O)c1/C=N/c1ccc(OC)cc1,-1,24816811
COc1ccc(S(=O)(=O)N2CCOC23CCN(S(=O)(=O)c2ccc(C)cc2)CC3)cc1,-1,51087654
CCN(Cc1ccccc1OC)CC1CCCN(CCc2cccc(OC)c2)C1,-1,47199675
O=C(CNc1cccc(S(=O)(=O)N2CCCC2)c1)Nc1cccc(Br)c1,-1,56321678
COc1ccccc1C(=O)Nc1ccc2c(c1)OC[C@@H](C)N(CC1CC1)C[C@@H](C)[C@H](OC)CN(C)C2=O,-1,131432199
O=C(CN1C(=O)NC2(CCc3ccccc32)C1=O)Nc1c(Cl)cccc1Cl,-1,85198809
CCN(CC)c1nc(N)c2c(N)nc(OC)cc2c1C#N,-1,47194029
COCC(=O)Nc1ccc2c(c1)OC[C@@H](C)N(CC1CC1)C[C@@H](C)[C@@H](OC)CN(C)C2=O,-1,131428041
CCCCOc1ccc(C(=O)OCC(=O)N2CCOCC2)cc1,-1,49675389
Cc1ccc2oc(C(=O)N(Cc3ccc(N(C)C)cc3)C3CCS(=O)(=O)C3)c(C)c2c1,-1,49818957
COCC(=O)Nc1ccc2c(c1)OC[C@@H](C)N(CC1CC1)C[C@@H](C)[C@H](OC)CN(C)C2=O,-1,131428028
O=C(Nc1cc(Cl)cc(Cl)c1)c1coc(=O)c(Br)c1,-1,26671357
Cc1ccc([N+](=O)[O-])cc1NC(=O)C(C)N1CCCCC1,-1,24809142
CO[C@@H]1CN(C)C(=O)c2ccc(NC(=O)C3CC3)cc2OC[C@@H](C)N(C)C[C@H]1C,-1,131433272
CC1CCCCC1NS(=O)(=O)c1ccc(S(=O)(=O)N2CCN(CCC#N)CC2)cc1,-1,26724770
CCC1=NN(C(=O)c2ccc(Cl)cc2)C(O)(c2ccc(C)cc2)C1,-1,47201252
O=C(c1ccccc1)N1CCN(S(=O)(=O)c2ccc(Cl)cc2)CC1,-1,1148003
CO[C@@H]1CN(C)C(=O)c2ccc(NC(C)=O)cc2OC[C@H](C)N(C(=O)CC2CC2)C[C@@H]1C,-1,131430847
O=C([C@H]1[C@H](CO)[C@H]2Cn3c(cccc3=O)[C@H]2N1Cc1cc(F)ccc1F)N1CCOCC1,-1,131457566
Cc1ccc(NC(=O)C(c2ccccc2)N2CCN(CC(=O)N3CCOCC3)CC2)cc1Cl,-1,57264584
COc1ccc(S(=O)(=O)Nc2ccc(O)c(Sc3nc[nH]n3)c2)cc1,-1,14723527
Cc1ccc(C(=O)N2CCCN(S(=O)(=O)c3ccc(C)cc3)CC2)cc1,-1,16574345
CCCN1C[C@H](C)[C@@H](OC)CN(C)C(=O)c2ccc(NC(=O)CC)cc2OC[C@H]1C,-1,131432238
O=C(Oc1ccc(Nc2ncnc3ccccc23)cc1)c1cccnc1,-1,24818586
CN1CC2([N+](=O)[O-])CC=C(OCCO)C([N+](=O)[O-])(C1)C2,-1,22412841
CSc1ccccc1NC(=O)Nc1ccccc1,-1,4256630
C=C1[C@H](C)CN[C@H]1CCO,-1,89853909
CC(C)=NNc1cc([N+](=O)[O-])cc2c1C(=O)N(C)S2=O,-1,24822792
Cc1cc2c(NC(=O)Nc3ccc(C(F)(F)F)cc3)cccc2nn1,-1,26728136
COc1ccccc1C(=O)Nc1ccc2c(c1)OC[C@@H](C)N(CC1CC1)C[C@@H](C)[C@@H](OC)CN(C)C2=O,-1,131432200
O=Cc1cscc1[B-](F)(F)F.[K+],-1,99355741
COc1ccc2c(C#N)c3ccccn3c2c1,-1,24817646
O=C(Nc1ccc(C(=O)N2CCCC2)cc1)c1ccc2c(c1)OCO2,-1,14733920
O=C(NN=C1CCCC1)c1[nH]nc2c1CCC2,-1,24803081
C[C@@H](NC(=O)C[C@@H]1CC[C@@H](NC(=O)CN2CCOCC2)[C@@H](CO)O1)c1ccccc1,-1,131435983
O=C(ONC(=O)C1CCCCC1C(=O)NOC(=O)c1ccccc1)c1ccccc1,-1,89854641
O=C(O)c1ccc(NS(=O)(=O)/C=C/c2ccccc2)cc1O,-1,858402
C#CCOc1ccc(CNC[C@H]2O[C@@H](n3ccc(N)nc3=O)[C@H](O)[C@@H]2O)cc1,-1,99358900
Cc1cc(C)cc(N(CC(=O)N2CCCCCC2)S(C)(=O)=O)c1,-1,49644089
CCOCCCNC(=O)C1c2ccccc2Oc2ccccc21,-1,49641165
Cc1nc2ccccc2n1CCOc1ccccc1,-1,47203408
Cc1cccc(S(=O)(=O)Nc2cnccc2C(=O)Nc2nc(-c3ccccc3)cs2)c1,-1,70789467
Cc1cc(F)ccc1S(=O)(=O)Nc1cnccc1C(=O)Nc1nc(-c2ccccc2)cs1,-1,70789499
O=[N+]([O-])c1ccccc1S(=O)(=O)Nc1nc2ccccc2s1,-1,49825550
O=C(NNS(=O)(=O)c1ccc(F)cc1)c1ccccc1F,-1,49644525
NNC(=O)CC1=NNC(=O)C1,-1,89853975
O=C(Nc1ccccc1)c1nc[nH]c1C(=O)Nc1ccccc1F,-1,99359254
CCCNC(=O)[C@@H]1[C@@H](CO)[C@@H]2Cn3c(ccc(-c4ccccc4)c3=O)[C@@H]2N1CC1CC1,-1,131458760
COc1ccc(CCNC(=O)c2cc3cccc(OC)c3oc2=O)cc1OC,-1,47198937
CO[C@@H]1CN(C)C(=O)c2ccc(NC(=O)c3ccccc3)cc2OC[C@H](C)N(C(=O)C2CC2)C[C@H]1C,-1,131429301
CCC(=O)N1CCC1(C)C(=O)Nc1cccc2cccnc12,-1,103163523
Cc1ccc(S(=O)(=O)Nc2cc(F)ccc2C(=O)Nc2nc(-c3ccccc3)cs2)cc1,-1,70789353
Cc1ccc(C(=N)NOC(=O)c2ccc3ccccc3c2)cc1,-1,49724369
CC1(C)C(=O)Nc2ccccc2N1C(=O)COC(=O)c1ccc([N+](=O)[O-])o1,-1,85271286
CCN(C(=O)COC(=O)CNC(=O)c1ccc2ccccc2c1)C1CCS(=O)(=O)C1,-1,24828899
Oc1c(CN2CCCCC2)ccc2cccnc12,-1,89854956
O=C(COC(=O)c1cccc(OC(F)F)c1)Nc1cccc(S(=O)(=O)N2CCCC2)c1,-1,85270249
O=C(O)c1ccc(Cn2cc(/C=C\[N+](=O)[O-])c3ccccc32)o1,-1,47198743
O=C1Nc2cc(Cl)cnc2N2CCCC12,-1,7969301
Cc1csc(=O)n1CC(=O)OCC(=O)NCc1ccc(F)cc1,-1,56323207
Cc1ccc(C)c(N2N=C(C(=O)OCc3nnc(-c4ccccc4Br)o3)CCC2=O)c1,-1,103076440
CN1C(=O)NC(=O)C(N=Nc2ccc(Cl)cc2)C1=O,-1,89854965
CC(C)(C)c1ccc(C(=O)Nc2ccc(S(=O)(=O)Nc3cnc4ccccc4n3)cc2)cc1,-1,49649145
COCCC1=NN(c2nc3ccccc3s2)C(O)(C(F)(F)F)C1,-1,24832942
NCC[C@@H]1CC[C@H](NC(=O)c2ccccc2F)[C@@H](CO)O1,-1,131434722
CC(C)CN1CCC(CN2CCNC(=O)C2=O)CC1,-1,92764611
CO[C@@H]1CN(C)C(=O)c2ccc(NC(=O)C3CC3)cc2OC[C@H](C)N(Cc2ccccc2)C[C@@H]1C,-1,131431199
CCC(=O)Nc1c(C#N)c2nc3ccccc3nc2n1-c1ccc(C)cc1,-1,87349102
CN(C(=O)c1ccc(Cl)cc1)c1ccc(OCC(=O)Nc2cc(C(=O)O)ccc2Cl)cc1,-1,57262070
CC(=O)N1c2ccc(S(=O)(=O)N(C)CC(=O)NCc3ccc(C)cc3)cc2CC1C,-1,49722962
O=C(Nc1ccc2c(c1)[C@H]1C[C@H](CC(=O)N3CCCCC3)O[C@@H](CO)[C@H]1O2)Nc1ccccc1F,-1,131444864
CO[C@H]1CN(C)C(=O)c2ccc(NC(=O)C3CC3)cc2OC[C@@H](C)N(CC2CCOCC2)C[C@@H]1C,-1,131429645
CCc1ccccc1OCC(=O)OCC(=O)N1CC(=O)Nc2ccccc21,-1,24830441
O=C(CCOc1ccccc1)N1CCN(S(=O)(=O)c2ccccc2F)CC1,-1,57266803
COc1ccccc1NC(=O)c1ccccc1S(=O)(=O)c1ccc([N+](=O)[O-])cc1,-1,49723768
COc1ccccc1C(=O)Nc1ccc2c(c1)OC[C@H](C)N(CC1CC1)C[C@@H](C)[C@@H](OC)CN(C)C2=O,-1,131432202
Cc1ccc(S(=O)(=O)N2CCN(C(=O)c3ccccc3)CC2)cc1,-1,720576
O=C(Nc1ccc(F)cc1)N1CCN(C(=O)C2CCCO2)CC1,-1,49825766
CCOC(=O)CC1C(=O)NCCN1S(=O)(=O)c1cccc(C(F)(F)F)c1,-1,50085786
CN(C)c1ccc2c(c1)[C@@H]1C[C@@H](CC(=O)NCc3ccccn3)O[C@@H](CO)[C@@H]1O2,-1,131442733
CSCCC(NS(=O)(=O)c1ccccc1F)C(=O)NCC(C)(C)N1CCOCC1,-1,57262740
Cc1ccc(S(=O)(=O)n2c(C)nc3ccccc32)cc1,-1,49643864
O=C(Nc1cccc(C(=O)N2CCOCC2)c1)c1ccc([N+](=O)[O-])cc1,-1,49723481
Cc1cnc(NC(=O)c2ccc3c(c2)OCCO3)s1,-1,57267384
COc1ccccc1S(=O)(=O)N[C@@H]1C=C[C@@H](CC(=O)N2CCOCC2)O[C@H]1CO,-1,131440234
COc1ccc(N2C(=O)Cc3ccccc3C2=O)cc1,-1,49668586
COC(=O)C[C@H]1CC[C@@H]2[C@H](COc3ccc(NC(=O)c4cnccn4)cc3C(=O)N2C)O1,-1,131451180
CCCCn1c(N)c(N(CCC(C)C)C(=O)COC(=O)c2ccc([N+](=O)[O-])s2)c(=O)[nH]c1=O,-1,85270718
CCC(=O)Nc1ccc2c(c1)OC[C@H](C)N(C(=O)C1CC1)C[C@H](C)[C@@H](OC)CN(C)C2=O,-1,131429531
CCC(NS(=O)(=O)c1ccc(C)cc1)C(=O)N1CCOCCOCCOCC1,-1,49727453
O=C(COC(=O)c1ccccc1OCc1ccccc1Cl)NC1CCS(=O)(=O)C1,-1,85198557
Cc1ccc(S(=O)(=O)Nc2cnccc2C(=O)Nc2nc(-c3ccc(-c4ccccc4)cc3)cs2)cc1,-1,70789417
O=C(Cn1cncn1)NCCCc1ccccc1,-1,24821392
C[C@H]1CN([C@@H](C)CO)C(=O)CCCn2cc(nn2)CO[C@@H]1CN(C)C(=O)CCC(F)(F)F,-1,131427257
O=C(CCN1C(=O)NC2(CCCC2)C1=O)Nc1cccc(S(=O)(=O)N2CCOCC2)c1,-1,57259817
O=C(NCC(c1ccco1)N1CCc2ccccc21)c1ccc([N+](=O)[O-])cc1,-1,51085502
O=C(CCCn1c(=S)[nH]c2cc3c(cc2c1=O)OCO3)N1CCN(c2ccc(Cl)cc2)CC1,-1,26670575
CCN(CC)c1c([N+](=O)[O-])c(=O)n(CC)c2ccccc12,-1,26659309
CCCC(=O)Nc1ccc2c(c1)OC[C@@H](C)N(C(=O)CC)C[C@@H](C)[C@@H](OC)CN(C)C2=O,-1,131430925
CC(=O)Nc1ccc(S(=O)(=O)N2CCN(C(=O)c3ccccc3)CC2)cc1,-1,1151651
CCC(C)(C)NC(=O)CN(C(=O)CNS(=O)(=O)c1ccc(F)cc1)c1ccc2c(c1)OCCO2,-1,49727780
O=C(C[C@@H]1C[C@H]2c3cc(NC(=O)Nc4ccccc4F)ccc3O[C@H]2[C@H](CO)O1)NC1CCCC1,-1,131445080
COc1cc2sc(C)nc2c2ccccc12,-1,49668430
COc1cc(OC)cc(C(=O)NNC(=O)CNC(=O)c2cccs2)c1,-1,57263700
Cc1ccc(S(=O)(=O)Nc2cc(Cl)ccc2C(=O)Nc2nc(-c3ccccc3)cs2)cc1,-1,70789547
CCOc1ccc(NC(=O)CN(C)C(=O)c2cc(C)nc3ccccc23)cc1OCC,-1,57268495
O=C(c1ccc(F)cc1)N1CCCN(S(=O)(=O)c2ccc(F)cc2)CC1,-1,17482798
Cc1onc(-c2ccc(Cl)cc2Cl)c1-c1csc(N/N=C/c2ccccc2Cl)n1,-1,26730518
CN1CCN(c2cc(CNC[C@H]3O[C@@H](n4cnc5c(O)nc(N)nc54)[C@H](O)[C@@H]3O)ccc2F)CC1,-1,121284858
CC(C)(C)NC(=O)C1CCN(S(=O)(=O)c2cccc3nsnc23)CC1,-1,49714229
O=C(Nc1nc(-c2ccccc2)cs1)c1ccncc1NS(=O)(=O)c1ccc(F)cc1,-1,70789556
COc1ccc(S(=O)(=O)N2CCOCC2)cc1C(=O)NCC(c1ccccc1)c1ccccc1,-1,57266594
[O-][n+]1c2c(nn1-c1ccccc1)-c1nonc1CC2,-1,791076
COc1ccccc1C(=O)Nc1ccc2c(c1)OC[C@H](C)N(CC1CC1)C[C@@H](C)[C@H](OC)CN(C)C2=O,-1,131432205
CCN(CC)c1ccc2c(cc1=O)[C@@H](NC)CCc1cc(OC)c(OC)c(OC)c1-2,-1,49669494
COc1ccccc1CNC(=O)COC(=O)c1ccc([N+](=O)[O-])o1,-1,57260985
OC[C@H]1[C@H](c2ccc(-c3ccc(F)cc3)cc2)[C@@H]2CN(Cc3cccnc3)CCCCN12,-1,131463246
O=C1NC2=C(C(=O)CCC2)C(c2cccc([N+](=O)[O-])c2)N1,-1,47204327
C/C(=N\NC(=O)c1ccccc1O)C1CC1,-1,49733638
CCCC(=O)Nc1ccc2c(c1)OC[C@H](C)NC[C@@H](C)[C@@H](OC)CN(C)C2=O,-1,131427992
COc1ccccc1NC(=O)C(C)OC(=O)CCC1CCCCC1,-1,49819525
COc1ccc(/C=N/c2cccc3ncccc23)cc1,-1,24811146
COc1cccc(CN2CCc3nc(S)nc(O)c3C2)c1,-1,49670759
COc1cc(N)c(Cl)cc1C(=O)NC1CCN(Cc2ccccc2)CC1.O=C([O-])/C=C\C(=O)[O-],-1,93576603
O=C(COc1ccc(S(=O)(=O)NC2CCCCC2)cc1Cl)NCc1ccc2c(c1)OCO2,-1,14734620
CC(C)(C)NC(=O)C(=O)NN=C1CCCCCCCCCCC1,-1,24808782
COCCNc1nc(Nc2ccccc2Cl)c2sc(-c3ccccc3)cc2n1,-1,99494433
O=c1nc2ccc(Cl)cn2c2ccc(S(=O)(=O)N3CCCCC3)cc12,-1,49714248
CCCN1C[C@@H](C)[C@H](OC)CN(C)C(=O)c2ccc(NC(=O)c3ccccc3)cc2OC[C@@H]1C,-1,131431074
COc1ccc(N2CCN(C(=O)CCNS(=O)(=O)c3ccc(C)cc3)CC2)cc1,-1,49724457
CO[C@@H]1CN(C)C(=O)c2ccc(NC(=O)C3CC3)cc2OC[C@H](C)N(Cc2cccc(F)c2)C[C@H]1C,-1,131429308
COc1cccc(CN(C)CC(O)COc2cc(Cl)ccc2Cl)c1.O=C(O)C(=O)O,-1,49673079
O=C(Nc1cccc(-c2ccccc2)c1)N1CCN(C(=O)Nc2cccc(-c3ccccc3)c2)CC1,-1,26665851
Cc1csc(=O)n1CCC(=O)OCc1nnc(-c2ccc([N+](=O)[O-])cc2)o1,-1,57257461
CC(=O)N1CCCc2cc(S(=O)(=O)N3CCN(C(=O)C4COc5ccccc5O4)CC3)ccc21,-1,16346299
Cc1ccc(C)c(OCCC(=O)N2CCN(S(=O)(=O)c3cc(F)ccc3F)CC2)c1,-1,57268764
COc1cccc(S(=O)(=O)N2C[C@H]3N[C@@H](C2)[C@H]3c2ccc(-c3ccccc3C)cc2)c1,-1,144191240
CCC(=O)Nc1ccc2c(c1)OC[C@H](C)N(C(=O)CC)C[C@H](C)[C@H](OC)CN(C)C2=O,-1,131432241
O=C(Nc1ccc(S(=O)(=O)Nc2nccs2)cc1)c1cc(-c2ccccc2)nc2ccccc12,-1,1582687
O=C(Cc1ccc([N+](=O)[O-])cc1)c1c(O)cc(O)cc1O,-1,26660978
CCCC(=O)Nc1ccc2c(c1)OC[C@@H](C)NC[C@H](C)[C@H](OC)CN(C)C2=O,-1,131428009
CCC(=O)Nc1ccc2c(c1)OC[C@@H](C)NC[C@@H](C)[C@@H](OC)CN(C)C2=O,-1,131430433
CCO[C@H]1OC(C(=O)N2CCOCC2)=C[C@@H](c2ccc3c(c2)OCO3)[C@@H]1CCCO,-1,24824696
O=C1CC(NS(=O)(=O)c2cc(F)ccc2F)CN1c1cccc(F)c1,-1,51089576
Cc1cccc(C(=O)Nc2cccc(NC(=O)c3ccccc3)c2)c1,-1,49644036
Cc1ccc(NC(=O)CCC(=O)NNC(=O)COc2ccccc2)c(C)c1,-1,17431642
CCC1(C)Cc2c(c(S)n(-c3ccccc3)c(=N)c2C#N)CO1,-1,24808234
O=C(NC[C@@H]1CC[C@@H]2[C@@H](CN2S(=O)(=O)c2ccccc2[N+](=O)[O-])O1)C1CCOCC1,-1,144193541
CCOc1ccc(N(CC(=O)Nc2cc(Cl)ccc2C)S(C)(=O)=O)cc1,-1,49644388
CCCC(=O)Nc1ccc2c(c1)OC[C@H](C)NC[C@H](C)[C@H](OC)CN(C)C2=O,-1,131428094
Cc1ccc(S(=O)(=O)Nc2cnccc2C(=O)Nc2nc(-c3ccc(F)cc3)cs2)cc1,-1,70789486
N=C(Cc1cccc2ccccc12)NOC(=O)c1ccccc1F,-1,49819048
CCOC(=O)C1=C(COC(=O)c2ccc([N+](=O)[O-])s2)NC(=O)NC1C,-1,85198535
Cc1ccc(-c2nc3ccc(Cl)cn3c2Cc2ccsc2)cc1,-1,121285937
O=C(c1ccccn1)N1CCN(S(=O)(=O)c2ccccc2)CC1,-1,2527254
COCC(=O)N1[C@@H]2CN(C(=O)Nc3ccccc3F)c3ccccc3[C@@H]2[C@@H]1CO,-1,131450074
Cc1cc(C)c(NC(=O)COC(=O)c2ccc([N+](=O)[O-])s2)c(C)c1,-1,22405677
O=C(O)c1cccc(S(=O)(=O)NNc2ccccc2C(F)(F)F)c1,-1,49671641
O=C(NCc1ccncc1)c1ccc(OCc2ccccc2)cc1,-1,47200156
CCC(=O)Nc1ccc2c(c1)OC[C@@H](C)N(C(=O)CC)C[C@H](C)[C@H](OC)CN(C)C2=O,-1,131432243
CN(c1ccccc1)S(=O)(=O)c1cccc(C(=O)OCC(=O)Nc2ccc(C(N)=O)cc2)c1,-1,85268654
CCOC(=O)C1CCCN(S(=O)(=O)c2nc3nc(C)cc(C)n3n2)C1,-1,49825712
COCC(=O)Nc1ccc2c(c1)OC[C@@H](C)N(CC1CC1)C[C@H](C)[C@H](OC)CN(C)C2=O,-1,131428102
C[C@@H]1CN([C@H](C)CO)C(=O)c2cc(Br)cnc2O[C@H]1CN(C)CC1CCCC1,-1,131424197
O=C(c1cccnc1)N1CCN(S(=O)(=O)c2cccnc2)CC1,-1,40276818
COc1cccc(NS(=O)(=O)c2ccc3c(c2)NC(=O)CC(=O)N3)c1,-1,49736440
CCOC(=O)C1OC1C(=O)N(CC(C)C)NC(=O)[C@H](CC(C)C)NC(=O)[C@H](CC(C)C)NC(=O)Cc1ccccc1,-1,44363966
Cl.OC(CNC1CCCCC1)COCCOc1ccc(Br)cc1,-1,22404772
O=C(COC(=O)Cc1ccc(S(=O)(=O)N2CCOCC2)s1)Nc1ccc(F)cc1F,-1,85271002
O=C1C2C3C=CC(CC3)C2C(=O)N1c1nccs1,-1,22415723
O=C(c1ccoc1)N1CCN(S(=O)(=O)c2cccnc2)CC1,-1,40277605
O=C(O)c1ccc2nnn(O)c2c1,-1,26669977
Cc1ccc(C)c(N2CCN(C(=O)CCCn3c(=S)[nH]c4cc5c(cc4c3=O)OCO5)CC2)c1,-1,26724750
CC(=O)N1CCc2c(sc(NC(=O)Cc3ccccc3)c2C(N)=O)C1,-1,49680210
COc1ccccc1N(Cc1ccccc1)S(=O)(=O)c1cccc(C(=O)Nc2ccccn2)c1,-1,49817497
CCCCn1nnnc1C(CCSC)N1CCC(n2c(O)nc3ccccc32)CC1,-1,121285026
COc1ccc2oc(C(=O)N3CCN(c4ncccn4)CC3)c(C)c2c1,-1,49817580
O=C(CCCn1c(=S)[nH]c2cc3c(cc2c1=O)OCO3)N1CCN(C2CCCCC2)CC1,-1,17401891
OCc1ccccc1-c1nc(NCc2ccccc2)nc2ccsc12,-1,99455854
CCCC(=O)Nc1ccc2c(c1)OC[C@@H](C)N(Cc1ccc(F)cc1)C[C@H](C)[C@@H](OC)CN(C)C2=O,-1,131427968
C[C@H]1CN([C@H](C)CO)C(=O)CCCn2nncc2CO[C@@H]1CN(C)C(=O)c1ccncc1,-1,99359005
O=C(Nc1nc2ccc([N+](=O)[O-])cc2s1)c1ccncc1,-1,24822592
CC(=O)Nc1ccc(NC(=O)COC(=O)c2ccc([N+](=O)[O-])o2)cc1,-1,85270951
CC(C)OCCCNC(=O)CN1C(=O)COc2ccc(S(=O)(=O)N3CCCCCC3)cc21,-1,49735145
C/C(=N/NS(=O)(=O)c1ccc(Cl)cc1)c1cccc(NC(=O)c2ccncc2)c1,-1,49825722
COc1cc(/C=C2\SC(=O)NC2=O)ccc1Oc1ccc([N+](=O)[O-])cc1[N+](=O)[O-],-1,24823010
O=C(NC(=S)NNS(=O)(=O)c1ccccc1)c1ccccc1[N+](=O)[O-],-1,17508878
Cc1cccc(N2CCN(C(=O)CCCn3c(=S)[nH]c4cc5c(cc4c3=O)OCO5)CC2)c1C,-1,4247296
CCC(=O)Nc1ccc2c(c1)OC[C@@H](C)N(Cc1ccccc1)C[C@@H](C)[C@@H](OC)CN(C)C2=O,-1,131430205
Cc1cc(C)nc(N2CCN(S(=O)(=O)c3ccc(F)cc3)CC2)n1,-1,49641965
CC(=O)Oc1cc(C(=O)OCC(=O)N2CCc3ccccc3C2)cc(OC(C)=O)c1OC(C)=O,-1,85270254
COCCNc1nc(-c2ccc(OC)cc2)c(-c2ccc(OC)cc2)s1,-1,24837633
COc1ccccc1NS(=O)(=O)c1cc(C(=O)NC2CCN(Cc3ccccc3)CC2)ccc1C.Cl,-1,57262684
COCCn1c(SCCN2CCOCC2)nc2c1c(=O)[nH]c(=O)n2C,-1,7971289
COc1cc(N)c2ncccc2c1Cl,-1,89852618
Cn1c(=O)[nH]c(=O)c2c1nc(CN1CCOCC1)n2Cc1ccccc1,-1,4245110
OC[C@H]1[C@H](c2ccc(-c3ccccc3F)cc2)[C@H]2CN(Cc3cccnc3)CCCCN21,-1,131464208
CC1CCCN(CC(O)COC(c2ccccc2)c2ccccc2)C1,-1,24830791
Cc1cccc(-n2c(C)nc3cc(C(=O)NCCN4CCOCC4)ccc32)c1,-1,103159002
COc1cccc(C(NC(=O)C2CCN(CCCOc3ccccc3)CC2)c2ccccn2)c1,-1,103163186
C=C1C=C(CCC(=O)O)C(=O)OC1/C=C/C=C/C,-1,6397984
C/C(CC(=O)Nc1cc(C)ccn1)=N\NC(=O)c1cccc(C)c1O,-1,49733615
CCCN1C[C@H](C)[C@H](OC)CN(C)C(=O)c2ccc(NC(=O)c3ccccc3)cc2OC[C@H]1C,-1,131431072
Oc1nc2ccc(F)cc2nc1O,-1,24797658
COc1ccccc1C#Cc1ccc2c(c1)O[C@@H](CN(C)C)[C@@H](C)CN([C@@H](C)CO)S2(=O)=O,-1,131415639
COC(=O)c1ccc(CNC(=O)COC(=O)c2ccccc2-c2ccccc2)cc1,-1,56321982
O=C(NCCC(=O)N1CCN(c2ccccc2O)CC1)c1ccccc1Cl,-1,56316497
CCS(=O)(=O)c1nc(S(=O)(=O)c2ccc(Cl)cc2)c(N2CCOCC2)s1,-1,49720877
Cc1nc2ccc(NS(=O)(=O)c3c(F)cc(F)cc3Br)cc2s1,-1,57263603
C[C@@H](CO)N1C[C@@H](C)[C@@H](CN(C)Cc2ccccc2)Oc2ccc(N(C)C)cc2CC1=O,-1,85790901
CC(=O)Nc1ccc(S(=O)(=O)N2CCN(C(=O)c3ccc(C)cc3)CC2)cc1,-1,991629
O=C(Nc1ccc(S(=O)(=O)Nc2nccs2)cc1)c1ccc2ccccc2c1,-1,2147590
CO[C@H]1CN(C)C(=O)c2ccc(NC(=O)c3ccccc3)cc2OC[C@@H](C)N(C(=O)C2CC2)C[C@@H]1C,-1,131429300
Cl.O=C(O)c1cc([N+](=O)[O-])cc([N+](=O)[O-])c1N1CCN(c2cccc(C(F)(F)F)c2)CC1,-1,49669728
CC(=O)Nc1ccc(C(=O)N2CCN(S(=O)(=O)c3ccc(C)cc3)CC2)cc1,-1,8922842
Cc1ccccc1CN(C)C(=O)COC(=O)CSc1ccc([N+](=O)[O-])cc1,-1,56316696
Cn1cc(C(CC(=O)O)C(=O)O)c2ccccc21,-1,14734897
Cc1onc(NC(=O)NC(=O)c2c(F)cccc2Cl)c1Br,-1,50085621
CCc1noc(C)c1C(=O)Nc1ccc(S(=O)(=O)N2CCCC(C)C2)cc1,-1,56321250
O=C([C@@H]1[C@@H](CO)[C@@H]2Cn3c(cccc3=O)[C@@H]2N1Cc1cc(F)ccc1F)N1CCOCC1,-1,131457567
COc1ccccc1-n1c(S)nnc1CNC(=O)c1ccc(S(=O)(=O)N2CCCCC2)cc1,-1,51085517
CO[C@H]1CN(C)C(=O)c2ccc(NC(=O)C3CC3)cc2OC[C@@H](C)N(Cc2ccccc2)C[C@H]1C,-1,131431198
COC(=O)c1cccc(NC(=O)c2cccc(N3C(=O)CCC3=O)c2)c1,-1,57260231
CC(C)CCn1c(=O)c2ccccc2n2c(CCC(=O)NCC3CCCO3)nnc12,-1,49718653
CCCC(=O)Nc1ccc2c(c1)OC[C@@H](C)N(C)C[C@@H](C)[C@H](OC)CN(C)C2=O,-1,144199054
CCN(C(=O)COC(=O)c1oc2ccccc2c1C)c1c(N)n(Cc2ccccc2)c(=O)[nH]c1=O,-1,57266676
Cn1c(S)nnc1CSCCOc1ccccc1,-1,26728271
N[C@@H](Cc1cc(I)c(O)c(I)c1)C(=O)O,-1,8139971
CCC(=O)Nc1ccc2c(c1)OC[C@H](C)N(C(=O)C1CC1)C[C@@H](C)[C@@H](OC)CN(C)C2=O,-1,131429530
OC(c1ccc(F)cc1)c1nc(-c2ccccc2F)c[nH]1,-1,103075949
COc1cccc(CNC(=O)CCn2ccc3cc(S(=O)(=O)N4CCCC4)ccc32)c1,-1,49734364
COc1ccc2cc(C(c3nnnn3C3CCCC3)N3CCc4ccccc4C3)c(O)nc2c1,-1,26668722
COc1cccc(N2C(=O)NC(=O)/C(=C/c3ccc([N+](=O)[O-])s3)C2=O)c1,-1,26725671
Cc1nc2ccc(NC(=O)CCC3CCCC3)cc2s1,-1,49675900
Cc1ccc(C(=O)N2CCN(S(=O)(=O)c3ccc4c(c3)OCCO4)CC2)cc1,-1,2674435
O=C(c1cccs1)N1CCN(S(=O)(=O)c2ccccc2)CC1,-1,717233
COc1cccc(NC(=O)Cn2c(=O)n(C)c(=O)c3sc4c(c32)COC(C)(C)C4)c1,-1,49816275
COC(=O)[C@@H]1[C@@H](CO)[C@@H]2Cn3c(cccc3=O)[C@@H]2N1CC1CCOCC1,-1,131457133
COc1ccc(/C(C)=N/N2CCCCC2)c(O)c1,-1,49674245
O=C(Nc1nc(-c2ccccc2)cs1)c1ccncc1NS(=O)(=O)c1ccccc1,-1,70789560
Cc1ccc(NS(=O)(=O)c2ccc(Br)s2)nc1,-1,24793171
CCCC(=O)Nc1ccc2c(c1)OC[C@H](C)N(CCC)C[C@H](C)[C@@H](OC)CN(C)C2=O,-1,131429106
Cc1ccc(C(=O)N2CCN(S(=O)(=O)c3ccc(C)cc3)CC2)cc1,-1,1260312
O=C(NC(=C(Cl)Cl)S(=O)(=O)c1ccc(Cl)cc1)c1ccccc1,-1,24780707
CCOC(=O)C1OC1C(=O)N(CC(C)C)NC(=O)[C@@H](CC(C)C)NC(=O)[C@@H](CC(C)C)NC(=O)Cc1ccccc1,-1,44364135
O=C(NNC(=O)c1ccccc1O)c1ccccc1O,-1,92763812
O=C(N/N=C\c1ccc([N+](=O)[O-])o1)c1cncc(Br)c1,-1,26666279
COC(=O)C[C@@H]1CC[C@H](NC(=O)c2ccc3c(c2)OCO3)[C@@H](CO)O1,-1,125305255
CN(CC(=O)Nc1ccccc1Cl)C(=O)COC(=O)c1cccs1,-1,85200059
Cc1ccc(-c2cc(C(=O)Nc3ccc(-n4cccn4)cc3)c3ccccc3n2)cc1C,-1,70789361
COc1cc(CNC(C)c2ccccc2)c(Br)cc1OCC(N)=O,-1,14730512
O=C(NCCCO)c1cc([N+](=O)[O-])cc2c1C=Cc1ccccc1O2,-1,24812428
CCC(=O)Nc1ccc2c(c1)OC[C@@H](C)N(C(=O)COC)C[C@H](C)[C@@H](OC)CN(C)C2=O,-1,131428851
CC(C)CNC(=O)c1cccc2c(-c3ccc(F)c(F)c3)coc12,-1,103158924
COc1ccc(C(=O)Nc2cc(C(=O)O)cc(C(=O)O)c2)cc1Cl,-1,24802417
CCNC(=S)N1CCCCC1CO,-1,24796389
CO[C@H]1CN(C)C(=O)c2ccc(NC(=O)c3ccccc3)cc2OC[C@H](C)N(C(=O)C2CC2)C[C@H]1C,-1,131429298
CSc1ccccc1OCc1cc(C(=O)N2CCc3c(Cl)cccc3C2)no1,-1,49732086
CC1CCc2[nH]c3ccc(C(=O)O)cc3c2C1,-1,49640873
O=C(C1COc2ccccc2O1)N1CCN(S(=O)(=O)c2ccccc2)CC1,-1,3792170
O=C(NC1CC1)c1c(O)nc2ccccc2c1O,-1,49668036
Nc1ccc(C(=O)N/N=C/c2cn(Cc3ccc(F)cc3)c3ccccc23)cc1,-1,49823646
COc1ccc(NS(=O)(=O)c2cc(NC(=O)[C@H](C)NC(N)=O)ccc2N2CCCC2)cc1,-1,85198493
CCCC(=O)n1nc(-c2cccnc2)nc1NCc1ccc(OC)cc1,-1,24788151
CC(C)OCCCNC(=O)c1c(N)n(CC2CCCO2)c2nc3ccccc3nc12,-1,56422705
COc1ccccc1C(=O)Nc1ccc2c(c1)OC[C@H](C)N(CC1CC1)C[C@H](C)[C@H](OC)CN(C)C2=O,-1,131432201
C=CCC(NCc1ccccc1)c1ccc(Cl)cc1,-1,22404519
O=S(=O)(c1cccc2cccnc12)N1CCN(c2ccc(F)cc2)CC1,-1,24800973
Cc1ccc(S(=O)(=O)Nc2cc(C(F)(F)F)ccc2C(=O)Nc2nc(-c3ccccc3)cs2)cc1,-1,70789348
COc1ccc(OC)c(S(=O)(=O)NCC(c2cccs2)N2CCc3ccccc3C2)c1,-1,51085855
Cn1c(N=NO)nc2ccccc21,-1,24789511
CCC(C)CN1C(=O)CN(S(C)(=O)=O)CC1(C)C(=O)Nc1ccc2c(c1)OCCO2,-1,125305956
CCOC(=O)c1c(C)c(C(=O)NCc2ccc(OC)cc2)c(C)n1C,-1,24823822
O=S(=O)(NCc1cccnc1)c1ccc(Cl)cc1,-1,47201436
O=C(Nc1ccccc1)c1ccccc1OCc1cccc([N+](=O)[O-])c1,-1,17506805
COc1ccc(CNC(=N)N=C(N)N)cc1Cl.Cl,-1,24802298
Cc1cc2c(NC(=O)Nc3ccc(F)cc3)cccc2nn1,-1,26728293
COC(=O)[C@H]1[C@H](CO)[C@H]2Cn3c(cccc3=O)[C@H]2N1CC1CCOCC1,-1,131457132
Cc1cc(-n2nnc3ccccc32)nc2ccccc12,-1,4263634
O=C(N/N=C/c1oc(O)c2ccccc12)c1ccccc1O,-1,24822298
O=C(NCC1COc2ccccc2O1)c1ccc(F)c(S(=O)(=O)N2CCOCC2)c1,-1,57262805
Cc1ccc(S(=O)(=O)N2CCN(C(=O)c3ccco3)CC2)cc1,-1,2167092
CN(C)CCNC(=O)c1cccc(S(=O)(=O)Nc2ccccc2F)c1,-1,24837463
CC(=O)c1ccc(S(=O)(=O)N2CCN(C(=O)c3ccc(-n4cncn4)c([N+](=O)[O-])c3)CC2)cc1,-1,74373728
O=C(OCC(=O)N1CCN(c2ccccc2)CC1)c1ccc([N+](=O)[O-])s1,-1,85270399
CCC1CCc2sc(C(=O)NNC(=O)c3ccncc3)cc2C1,-1,56316600
Cc1ccc(S(=O)(=O)Nc2cnccc2C(=O)Nc2ccncc2)cc1,-1,70789540
CC(N)c1ccccc1.O=C(O)C1C=Cc2ccccc2N1C(=O)c1ccccc1,-1,93577203
O=C(N/N=C/C1CC=CCC1)c1ccc(Cl)cc1O,-1,17433751
O=C(COC(=O)c1ccc([N+](=O)[O-])o1)Nc1ccc(N2CCOCC2)cc1,-1,85198965
COCC(=O)Nc1ccc2c(c1)OC[C@@H](C)N(CC1CC1)C[C@H](C)[C@@H](OC)CN(C)C2=O,-1,131427894
CO[C@@H]1CN(C)C(=O)c2ccc(NC(=O)c3ccccc3)cc2OC[C@H](C)N(C(=O)C2CC2)C[C@@H]1C,-1,131429297
Cc1cc(NC(=O)C23CC4CC(C2)CC(n2cnc([N+](=O)[O-])n2)(C4)C3)no1,-1,24786824
O=C([C@H]1[C@H](CO)[C@H]2Cn3c(cccc3=O)[C@H]2N1Cc1ccccn1)N1CCC(Cc2ccccc2)CC1,-1,144194408
O=C(Oc1cccc(-n2cnnn2)c1)c1ccccc1Cl,-1,24806802
COc1ccc(C(=O)N2CCN(S(=O)(=O)c3ccccc3)CC2)cc1,-1,1148025
CO[C@@H]1CN(C)C(=O)c2ccc(NC(=O)C3CC3)cc2OC[C@@H](C)N(Cc2cccc(F)c2)C[C@@H]1C,-1,131429306
Oc1ccc(/C=N/Nc2ccnc3cc(Cl)ccc23)c(O)c1,-1,26661621
COc1ccc(C(=O)N2CCN(CCCc3ccccc3)CC2)cc1OC.O=C(O)C(=O)O,-1,49665608
CCCCN(C(=O)c1cccc(-n2cccc2)c1)c1c(N)n(CCCC)c(=O)[nH]c1=O,-1,56316832
CN1C(=O)CCS(=O)(=O)C1c1ccc(Cl)c(Cl)c1,-1,99358079
CO[C@H]1CN(C)C(=O)c2cc(NC(=O)C3CC3)ccc2OC[C@H](C)N(C(=O)c2ccccc2)C[C@H]1C,-1,131433388
Oc1ccc(/C=N/n2c(S)nnc2-c2ccccc2)cc1Br,-1,49641011
COCC(=O)Nc1ccc2c(c1)OC[C@H](C)N(CC1CC1)C[C@H](C)[C@H](OC)CN(C)C2=O,-1,131427937
CCC(=O)Nc1ccc2c(c1)OC[C@H](C)N(C(=O)CC)C[C@@H](C)[C@H](OC)CN(C)C2=O,-1,131432246
C/N=C(\Nc1cccnc1)c1cccc(C(F)(F)F)c1,-1,49665757
CCOC(=O)N1CCN(C(=O)CN(C)S(=O)(=O)c2ccc3c(c2)c(=O)n(C)c(=O)n3C)CC1,-1,24814908
COc1cccc(/C=N/Nc2nc(C)cc(O)n2)c1OC,-1,49667201
O=C(NC(=O)c1csnn1)Nc1ccccc1Cl,-1,50085572
COc1cc(CN2CCc3ccccc3C2)cc([N+](=O)[O-])c1O,-1,47202231
CNC(=O)c1ccccc1NC(=O)C1CC(=O)N(C(C)C)C1,-1,47203780
CN1CC(=O)N2Cc3[nH]c4ccccc4c3C[C@H]2C1=O,-1,49648757
COc1cc(-c2nnc(COC(=O)c3ccc([N+](=O)[O-])o3)o2)cc(OC)c1OC,-1,103075195
O=C(N/N=C/c1cccnc1)c1cc(O)c(O)c(O)c1,-1,49673149
CCC(=O)Nc1ccc2c(c1)OC[C@@H](C)N(C(=O)CC)C[C@H](C)[C@@H](OC)CN(C)C2=O,-1,131432245
O=C(c1ccc2c(c1)OCCO2)N1CCN(S(=O)(=O)c2ccccc2)CC1,-1,2970601
O=C(OCc1ccccc1)N1CCCC2CC1c1ccccc12,-1,99356521
CN1N=C(C(C)(C)C)CS/C1=N/c1ccccc1,-1,26730377
Cc1cccc(C)c1OCc1nc2ccccc2[nH]1,-1,22413014
CC1(Oc2cnc(Cl)c3ccccc23)CCN(Cc2ccc(OC(F)(F)F)cc2)C1,-1,99456053
O=C(NCC(c1ccco1)N1CCc2ccccc21)c1cccc([N+](=O)[O-])c1,-1,51090496
Cc1ccccc1S(=O)(=O)Nc1cnccc1C(=O)Nc1nc(-c2ccccc2)cs1,-1,70789409
CCCN1C[C@H](C)[C@H](OC)CN(C)C(=O)c2ccc(NC(=O)CC)cc2OC[C@@H]1C,-1,131432234
Cc1ccc(N2C(=O)Cc3ccccc3C2=O)cc1,-1,49676114
CCCCCc1ccc(CC(=O)N2CCOCC2)cc1,-1,47200473
O=C(Nc1ccc2c(c1)OCO2)C1Cc2c(-c3ccc4c(c3)OCO4)ccnc2O1,-1,103075639
CCOc1ccc(-c2nnc(S)n2Cc2ccccc2)cc1,-1,47201661
N#CC1=C(N)Oc2cc(N)ccc2C1c1ccccc1,-1,49642679
CCCN1C[C@H](C)[C@@H](OC)CN(C)C(=O)c2ccc(NC(=O)CC)cc2OC[C@@H]1C,-1,131432237
Cc1ccc(S(=O)(=O)Nc2ccc(Cl)cc2C(=O)Nc2nc(-c3ccccc3)cs2)cc1,-1,70789519
O=S(=O)(c1ccccc1)N1CCN(Cc2ccccc2)CC1,-1,711024
Cc1ccc(S(=O)(=O)Nc2ccccc2C(=O)Nc2nccs2)cc1,-1,4127215
C/C=C/c1ccc([C@@H]2[C@H](CO)N(C(=O)C3CCCC3)C23CN(S(C)(=O)=O)C3)cc1,-1,144197949
CCOc1ccc(S(=O)(=O)NCCC(=O)NCC2(N3CCCCC3)CCCCC2)cc1,-1,49817788
CC(=O)N1CCc2c(sc(NC(=O)C3CCCCC3)c2C(N)=O)C1,-1,49677813
CCCN1C[C@@H](C)[C@@H](OC)CN(C)C(=O)c2ccc(NC(=O)c3ccccc3)cc2OC[C@@H]1C,-1,131431071
CCOc1ncccc1C(=O)OC(C)C(=O)Nc1ccc(N2CCOCC2)cc1,-1,85199413
O=C1Cc2cc([S+](=O)([O-])N3CCN(c4ccc(C(=O)O)cc4)CC3)ccc2N1,-1,99495644
O=C1CC(N2CCSCC2)C(=O)N1c1cccc(Cl)c1,-1,24808833
Cc1cc(C)cc(N(CC(=O)NC(C)C)C(=O)CCC(=O)Nc2ccccn2)c1,-1,49643655
Cc1ccc(Nc2ncnc3sccc23)c(C)c1,-1,49677020
CCC(=O)Nc1ccc2c(c1)OC[C@H](C)N(C(=O)CC)C[C@@H](C)[C@@H](OC)CN(C)C2=O,-1,131432242
Nc1cccnc1Oc1ccc(F)cc1F,-1,26727074
CO[C@@H]1CN(C)C(=O)c2ccc(NC(=O)C3CC3)cc2OC[C@@H](C)N(CC2CCOCC2)C[C@@H]1C,-1,131429644
CO[C@@H]1CN(C)C(=O)c2ccc(NC(=O)C3CC3)cc2OC[C@@H](C)N(Cc2ccccc2)C[C@H]1C,-1,131431202
Cc1ccc(S(=O)(=O)Nc2ccccc2C(=O)Nc2nc(-c3ccc(Cl)cc3)cs2)cc1,-1,4343860
CC(C)CNC(=O)C1(C)CCCCCN1C(=O)c1cccnc1,-1,99454262
Cc1ccc(C(=O)NCC(=O)N(C)Cc2ccccc2C)s1,-1,103060514
CCCN1C[C@H](C)[C@H](OC)CN(C)C(=O)c2ccc(NC(=O)CC)cc2OC[C@H]1C,-1,131432236
CCCC(=O)Nc1ccc2c(c1)OC[C@H](C)N(Cc1ccc(F)cc1)C[C@@H](C)[C@H](OC)CN(C)C2=O,-1,131427935
Cc1ccc(NC(=O)Nc2nnc(-c3ccccc3)o2)cc1,-1,24828091
CO[C@H]1CN(C)C(=O)c2ccc(NC(=O)C3CC3)cc2OC[C@@H](C)N(Cc2ccccc2)C[C@@H]1C,-1,131431203
CC(C)CNC(=O)C1(C)CCCN1C(=O)Cc1cccc2ccccc12,-1,99456542
CCOC(=O)C1OC1C(=O)N(CC(N)=O)NC(=O)[C@@H](C)NC(=O)[C@@H](C)NC(=O)Cc1ccccc1,-1,44363968
CC(OC(=O)c1[nH]nc2ccccc12)C(=O)Nc1ccccc1[N+](=O)[O-],-1,57265368
COCC(=O)Nc1ccc2c(c1)OC[C@H](C)N(CC1CC1)C[C@@H](C)[C@@H](OC)CN(C)C2=O,-1,131427910
Cc1ccc(C(=O)O)cc1NC(=O)c1ccc2c(c1)C(=O)N(c1ccc([N+](=O)[O-])cc1)C2=O,-1,49735859
COc1cc(OC)c(-c2nn3c(C4CCCCC4)nnc3s2)cc1OC,-1,862121
Cc1ccc(NC(=O)c2sc(C)nc2C)c(C)c1,-1,49679528
O=C(CCCn1c(=S)[nH]c2cc3c(cc2c1=O)OCO3)N1CCN(c2ccccc2F)CC1,-1,26724475
COc1ccc(CCNC(=O)c2c(C)noc2C)cc1,-1,14744989
CCCN1C[C@H](C)[C@H](OC)CN(C)C(=O)c2ccc(NC(=O)c3ccccc3)cc2OC[C@@H]1C,-1,131431070
CC(C)(O)c1cn([C@@H]2C[C@@H]3O[C@@H](CO)CC[C@@H]3O[C@@H]2CCc2ccc(-c3ccncc3)cc2)nn1,-1,144198581
CC(C)C(=O)N1CCN(c2ccccc2NC(=O)c2cccc3ccccc23)CC1,-1,49641447
O=[N+]([O-])c1ccc(S(=O)(=O)N2CCC3(CC2)OCCN3S(=O)(=O)c2cccs2)cc1,-1,51085485
Oc1ccc(Br)cc1CNc1cccc2cccnc12,-1,47201081
CCc1ccc(NS(=O)(=O)c2cc(OC)ccc2OC)cc1,-1,7975973
COc1cc2ccccc2cc1C(=O)N(CCN(C)C)c1nc2c(F)cc(F)cc2s1.Cl,-1,49678271
COCC(=O)Nc1ccc2c(c1)OC[C@H](C)N(CC1CC1)C[C@@H](C)[C@H](OC)CN(C)C2=O,-1,131428133
N#C[C@@H]1[C@H](c2ccc(C3=CCCCC3)cc2)[C@@H](CO)N1S(=O)(=O)c1ccccc1,-1,131446416
CSCCC(NC(=O)COc1ccccc1)C(=O)N(C)CC(=O)Nc1c(C)cccc1C,-1,56317712
CCOc1ccc(N2CC(C(=O)NCC(=O)Nc3ccc(F)c(F)c3F)CC2=O)cc1,-1,57260229
CCN(CC)C(=O)COc1ccc(/C(C)=N/NC(=O)c2ccccc2O)cc1,-1,24835327
CC1(C)COC(/C=C/c2cccc([N+](=O)[O-])c2)=N1,-1,24798136
CO[C@H]1CN(C)C(=O)c2ccc(NC(=O)C3CC3)cc2OC[C@@H](C)N(Cc2cccc(F)c2)C[C@@H]1C,-1,131429307
O=C(Nc1ccc(NC(=O)C2CC2)cc1)c1cccs1,-1,49826478
COc1ccc(-c2csc(NC(=O)c3ccncc3NS(=O)(=O)c3ccc(C)cc3)n2)cc1,-1,70789358
NC[C@H](O)c1ccc(O)c(O)c1.O.O=C(O)C(O)C(O)C(=O)O,-1,56463315
O=C(C1COc2ccccc2O1)N1CCN(S(=O)(=O)c2ccccc2F)CC1,-1,3753529
CSc1ccc(CN2CCC2(C)C(=O)Nc2cccc(NS(C)(=O)=O)c2)cc1,-1,99456611
O=C(CNC(=O)c1ccccc1F)N/N=C/c1ccc2c(c1)OCO2,-1,49725755
COc1ccc(N2CCN(C(=O)CCCn3c(=S)[nH]c4cc5c(cc4c3=O)OCO5)CC2)cc1,-1,26724715
Nc1ccc2c[nH]nc2c1,-1,855839
O=C(O)c1ccc(N2C(=O)CC(N3CCN(c4cccc(C(F)(F)F)c4)CC3)C2=O)cc1,-1,47204503
Cc1n[nH]cc1Nc1c(C(C)C)cccc1C(C)C,-1,121285725
O=C(NC1CC2CCC(C1)N2Cc1ccccc1)c1ccccc1Br,-1,49643593
CC(C)c1ccc(C(=O)N2CCCC(c3cc(C(=O)Nc4ccccc4Cl)no3)C2)cc1,-1,99495454
CN1CCN(NC(=O)NC2CCCCC2)CC1,-1,49823699
CCC(CC)COC(=O)C1=C(C)NC(=O)NC1c1cc(OC)ccc1OC,-1,47201152
Sc1nc2cc(Cl)c3cccnc3c2o1,-1,47202283
C#CCNC(=O)C[C@@H]1C[C@@]2(C(=O)OCC)CCC=C2N(Cc2ccc(Cl)cc2Cl)C1=O,-1,124754196
O=C(c1ccccc1)N1CCN(S(=O)(=O)c2cccnc2)CC1,-1,39227265
O=C(N/N=C/c1coc2ccccc2c1=O)c1cc(Br)ccc1O,-1,49823585
O=C1NC(=O)C(Sc2ccccc2[N+](=O)[O-])C(=O)N1,-1,49680566
O=C(c1nc2ccccn2c1CN1CCCC(c2nc3ccccc3o2)C1)N1CCCC1,-1,24781491
CCN(CC)CCN(CC)Cc1ccccc1Br,-1,7977298
COC(=O)c1ccc(C(=O)OC)c(NC(=O)CN(c2ccc3c(c2)OCO3)S(C)(=O)=O)c1,-1,14736173
Cc1ccc(S(=O)(=O)Nc2cnccc2C(=O)Nc2nc(-c3ccccc3)cs2)cc1,-1,70789539
CCOc1ccc(Nc2nc(N3CCOCC3)nc(N3CCOCC3)n2)cc1,-1,49644644
CC1CCCC(C)N1C(=O)C1CCCCC1,-1,22416285
COc1cc2[nH]c(Cl)c([N+](=O)[O-])c2cc1OC,-1,24822621
c1ccc(CCNc2ccc3ncc(-c4cccc5ccccc45)n3n2)nc1,-1,99454535
Cc1cccc(C(=O)N2CCCN(S(=O)(=O)c3ccc4c(c3)OCCO4)CC2)c1,-1,40000214
Cn1c(SCCOc2ccccc2Cl)nnc1-c1ccncc1,-1,4264896
COc1cccc(C(=O)N2CCN(Cc3ccc(OC)cc3OC)CC2)c1.O=C(O)C(=O)O,-1,49640956
Cc1c(Cl)cccc1NC(=O)Nc1cc(C(C)(C)C)on1,-1,49672392
O=C(CCCCCn1c(=S)[nH]c2cc3c(cc2c1=O)OCO3)N1CCN(C2CCCCC2)CC1,-1,4242057
COc1ccc(N2CCN(C(=O)CCCCCn3c(=S)[nH]c4cc5c(cc4c3=O)OCO5)CC2)cc1,-1,49716845
CO[C@@H]1CN(C)C(=O)c2ccc(NC(=O)C3CC3)cc2OC[C@H](C)N(CC2CCOCC2)C[C@H]1C,-1,131429646
O=C(N/N=C/c1ccc([N+](=O)[O-])o1)c1ccccc1NS(=O)(=O)c1cccs1,-1,26670305
CO[C@@H]1CN(C)C(=O)c2ccc(NC(=O)C3CC3)cc2OC[C@H](C)N(Cc2cccc(F)c2)C[C@@H]1C,-1,131429304
CN(c1ccc(C(=O)Nc2ccc3c(c2)n(C)c(=O)n3C)cc1)S(C)(=O)=O,-1,49665623
Sc1ncc(-c2ccccc2)n1-c1cccc(Cl)c1,-1,22409455
CCOC(=O)c1c(NC(=O)C2CC(Cl)=CCC2C(=O)O)sc2c1CC(C)(C)OC2,-1,24794848
Nc1ccc(Sc2ccccc2Cl)nc1,-1,47194831
CN1C(=O)CC(Sc2ccccc2C(=O)O)C1=O,-1,14722652
C=CCNc1nc(Nc2cc(Cl)ccc2OC)nc(OC)n1,-1,49641646
O=C(O)C1Sc2nc(O)sc2C2c3ccc(O)cc3OC(=O)C12,-1,24822905
O=C(O)C(F)(F)F.Oc1cc(Nc2cccnc2)cc2cccnc12,-1,85147436
COc1ccc(NC(=O)C(F)(OC)C(F)(F)F)c(OC)c1,-1,4245063
CCCN1C[C@@H](C)[C@@H](OC)CN(C)C(=O)c2ccc(NC(=O)CC)cc2OC[C@H]1C,-1,131432233
Oc1ccc(/C=N/N=C/c2ccc(O)c(O)c2)cc1O,-1,49644324
CC(C)/N=C(/Nc1cccnc1)c1ccccc1,-1,49648947
CO[C@H]1CN(C)C(=O)c2ccc(NC(=O)C3CC3)cc2OC[C@H](C)N(Cc2cccc(F)c2)C[C@H]1C,-1,131429305
Cc1ccc(NC(=O)c2ccc([N+](=O)[O-])o2)cc1S(=O)(=O)N1CCOCC1,-1,24833647
COc1ccc(OC)c(N(CC(=O)Nc2ccccc2)S(C)(=O)=O)c1,-1,842874
CN1c2ccccc2Sc2cc(N)ccc21,-1,49641016
O=C(CC1C(=O)NCCN1Cc1cccc(F)c1F)NCCCC1CCCC1,-1,49826548
O=C(c1cccc(S(=O)(=O)N2CCCCCC2)c1)N1CCN(c2ccccc2F)CC1,-1,49717058
O=C(C1CCN(c2ccc(N3CCOCC3)nn2)CC1)N1CCc2ccccc2C1,-1,4249077
COc1ccccc1N(CC(=O)NCCSCc1ccccc1Cl)S(C)(=O)=O,-1,49668933
Cc1ccc2c(c1)c1c(n2CC(O)CN2CCC(C)CC2)CCCC1,-1,24787659
Cc1cc(N2CCCC2)ccc1NC(=O)CN1C(=O)NC2(CCCCC2)C1=O,-1,56314896
CCN(CC)CC.NN1C(=O)/C(=C2/Sc3ccccc3N2CCCS(=O)(=O)O)SC1=S,-1,49640741
O=C(NC1CCCCC1)N[C@H]1C=C[C@@H](CC(=O)N2CCOCC2)O[C@@H]1CO,-1,131434512
CCN(CC)C1CCN(Cc2c(C(=O)N3CCCCCCC3)nc3ccc(Cl)cn23)C1,-1,49825412
Cc1ccc(S(=O)(=O)Nc2cnccc2C(=O)Nc2nc(-c3cccc(C)c3)cs2)cc1,-1,70789451
CC(C)NC(=O)N1[C@H](CO)[C@@H](c2ccccc2)C12CN(C(=O)Cc1cccnc1)C2,-1,144198297
CS(=O)(=O)c1ccc(Nc2nc(C(N)COCc3ccccc3)cs2)cc1,-1,103073991
Cn1c(C(=O)N2CCCC(Nc3ccc(F)cc3)C2)cc2ccccc21,-1,49737235
CO[C@@H]1CN(C)C(=O)c2ccc(NC(C)=O)cc2OC[C@@H](C)NC[C@@H]1C,-1,144199290
O=[N+]([O-])c1ccc2[nH]c(-c3ccccc3[N+](=O)[O-])nc2c1,-1,24814856
O=C(N/N=C/c1ccc[nH]1)c1ccccc1O,-1,24800984
O=C1c2ccccc2C(=O)C1(CO)c1ccccc1,-1,24811281
CO[C@@H]1CN(C)C(=O)c2ccc(NC(C)=O)cc2OC[C@@H](C)N(C(=O)CC2CC2)C[C@@H]1C,-1,131430849
COc1ccc(-n2c(NNC(C)=O)nc3sc4c(c3c2=O)CCCC4)cc1,-1,47202960
N#CC1C(=O)Nc2cccnc21,-1,99360649
O=C(NC1CCCCC1)C(c1ccnc2ccccc12)N1CCc2ccccc2C1,-1,121286177
CC(C)(C)N(Cc1ccccc1)C(=O)COC(=O)c1ccc([N+](=O)[O-])o1,-1,57266501
CCOC(=O)c1sc(C)c2c(=O)n(Cc3ccc(Cl)cc3)cnc12,-1,24783806
Cc1ccn2c(S)nnc2c1,-1,99495538
Cc1ccc(C(=O)N2CCN(S(=O)(=O)c3ccccc3)CC2)cc1,-1,707395
COC(=O)c1ccc(COc2cc([N+](=O)[O-])cc3cccnc23)o1,-1,24780416
CCCC(=O)Nc1ccc2c(c1)OC[C@H](C)N(Cc1ccc(F)cc1)C[C@H](C)[C@@H](OC)CN(C)C2=O,-1,131428012
CCCC(=O)Nc1ccc2c(c1)OC[C@@H](C)NC[C@H](C)[C@@H](OC)CN(C)C2=O,-1,131427863
CCC(=O)Nc1ccc2c(c1)OC[C@@H](C)N(C(=O)CC)C[C@@H](C)[C@@H](OC)CN(C)C2=O,-1,131432240
COc1ccc(C(=O)Nc2ccc3ccccc3c2)c(OC)c1,-1,47198673
[O-][n+]1c2c(nn1-c1ccccc1Cl)-c1nonc1CC2,-1,748550
O=C(CCCCCn1c(=S)[nH]c2cc3c(cc2c1=O)OCO3)N1CCN(Cc2ccccc2)CC1,-1,26724708
CC1CC(C)CN(S(=O)(=O)c2ccc(F)c(C(=O)NC3CCCCC3C)c2)C1,-1,103050481
COc1ccc(OC)c(NC(=O)Nc2ccc(O)c3ccccc23)c1,-1,47193423
Cc1ccc(S(=O)(=O)N(CC(=O)Nc2ccccc2C(=O)O)c2cccc(Cl)c2C)cc1,-1,22400751
CC(CNC(=O)c1ccc(OC2CCN(Cc3ccccn3)CC2)cc1)c1ccccc1,-1,49736865
CCCN1C[C@H](C)[C@@H](OC)CN(C)C(=O)c2ccc(NC(=O)c3ccccc3)cc2OC[C@H]1C,-1,131431073
COc1nc(C)c2cc(C)oc2n1,-1,22400366
COc1cccc(-c2csc(NC(=O)c3ccncc3NS(=O)(=O)c3ccc(C)cc3)n2)c1,-1,70789380
Cc1ccc(NC(=O)c2ocnc2C)cc1Cl,-1,4241599
O=C(CCCCCn1c(=S)[nH]c2cc3c(cc2c1=O)OCO3)N1CCN(c2ccc(F)cc2)CC1,-1,49731045
CCCN1C[C@@H](C)[C@@H](OC)CN(C)C(=O)c2ccc(NC(=O)c3ccccc3)cc2OC[C@H]1C,-1,131431069
COc1ccc(OC)c(N/C(=N\C(C)=O)Nc2nc(C)cc(C)n2)c1,-1,26665564
COc1ccccc1CN(C)C(=O)CN1CCN(CC(=O)Nc2ccccc2Cl)CC1,-1,57260702
COc1ccc(OCCN2CCC(C(=O)NC(c3ccccn3)c3ccccc3OC)CC2)cc1,-1,103074158
Cc1ccccc1OC1(C)CCN(Cc2ccc(-c3ccccn3)cc2)C1,-1,103163351
CO[C@@H]1CN(C)C(=O)c2ccc(NC(=O)C3CC3)cc2OC[C@H](C)N(Cc2ccccc2)C[C@H]1C,-1,131431204
COc1cccc(S(=O)(=O)Nc2cnccc2C(=O)Nc2nc(-c3ccccc3)cs2)c1,-1,70789546
CC1CCN(CCCNC(=O)COc2cc(=O)n(C)c3ccccc23)CC1,-1,4242383
CC(Nc1ccc2ccccc2c1)C(=O)N/N=C/c1ccncc1,-1,57264386
Cc1ccc(-c2nc3cc(C(=O)NCCCn4ccnc4)ccc3c(O)c2O)cc1,-1,26726010
CCCCCn1nnnc1-c1nc2cc(C)c(C)cc2nc1O,-1,124753541
CO[C@H]1CN(C)C(=O)c2ccc(NC(C)=O)cc2OC[C@H](C)N(C(=O)CC2CC2)C[C@H]1C,-1,131430848
O=C(COC(=O)c1ccc([N+](=O)[O-])o1)NC1CCCCC1,-1,85198980
O=C(C[C@@H]1C=C[C@@H](NC(=O)c2ccc(F)cc2)[C@@H](CO)O1)NCc1ccncn1,-1,131439268
CCC(=O)Nc1ccc2c(c1)OC[C@@H](C)N(C(=O)CC)C[C@@H](C)[C@H](OC)CN(C)C2=O,-1,131432244
C=CCOc1cccn2c(N(C=O)Cc3ccccc3)c(CC)nc12,-1,99454693
CN1CCN(c2ccc(CNC(=O)C3Cc4c(-c5ccc6c(c5)OCO6)ccnc4O3)cc2)CC1,-1,99454229
CCc1ccc(OCC(=O)NNC(=O)c2cc(C)[nH]n2)cc1,-1,22405276
O=C(COC(=O)c1ccc([N+](=O)[O-])o1)Nc1ccc2c(c1)OC(F)(F)O2,-1,99456968
COc1ccc(N(C)S(=O)(=O)c2cccc(C(=O)NCC(c3cccs3)N(C)C)c2)cc1,-1,56316611
COc1cccc(NC(=O)CC(=O)c2ccc([N+](=O)[O-])cc2)c1,-1,49670997
CCCN1C[C@@H](C)[C@H](OC)CN(C)C(=O)c2ccc(NC(=O)CC)cc2OC[C@@H]1C,-1,131432239
Cc1nc2ccccc2c(=O)n1-c1ccc(NS(=O)(=O)c2ccc(F)cc2F)cc1,-1,51085720
O=C(NCCc1ccccc1)c1cccc2c(-c3ccc(F)c(F)c3)coc12,-1,103158702
C/C(=N\NC(=O)c1ccccc1O)c1ccc(NC(=O)Cc2ccccc2)cc1,-1,49823465
COc1cc(NC(=O)c2cccnc2)c(Cl)cc1NC(=O)c1ccccc1,-1,49819337
COc1ccc(NC(=O)Nc2ccccc2F)c([N+](=O)[O-])c1,-1,24795495
O=C(N/N=C/c1ccc(O)cc1O)C(=O)N/N=C/c1ccc(O)cc1O,-1,47202394
O=C(NCC(=O)N1CC=C(c2ccccc2)CC1)c1ccccc1Br,-1,49827551
COc1cc(OC)c(NS(=O)(=O)c2c(C)nc(O)nc2O)cc1Cl,-1,49649737
CCCc1cc(-c2[nH]nc(C(=O)OCC)c2-c2cscn2)c(O)cc1O,-1,14745958
O=C(Cc1ccccn1)NCC[C@@H]1CC[C@@H](NC(=O)c2ccccc2F)[C@H](CO)O1,-1,131436833
CCOC(=O)N1CCN(C(=O)Cc2ccccc2[N+](=O)[O-])CC1,-1,47200883
CC(C)NC(=O)C1(C)CCN1C(=O)c1ccc2c(c1)OCO2,-1,103159382
O=C1c2ccccc2[C@@H]2C[C@@H](O)[C@H](Nc3cccc4ccccc34)CCN12,-1,87341695
CCOC(=O)C1(Cc2ccccc2C)CCCN(C(=O)CCc2cccnc2)C1,-1,24786217
CC(=O)Nc1cccc(NC(=O)c2cc([N+](=O)[O-])ccc2N2CCCCC2)c1,-1,57261098
Cc1ccc([N+](=O)[O-])cc1S(=O)(=O)Nc1ccc(C(=O)N2CCN(C(=O)c3ccco3)CC2)cc1,-1,74373788
CCCC(=O)Nc1ccc2c(c1)OC[C@@H](C)N(Cc1ccc(F)cc1)C[C@@H](C)[C@@H](OC)CN(C)C2=O,-1,131428100
Clc1cccc(-c2nn3c(Cn4cnc5ccccc54)nnc3s2)c1,-1,864852
COc1ccc(S(=O)(=O)N2CCN(C(=O)c3ccccc3)CC2)cc1,-1,1072043
C=CCNC(=O)COc1ccccc1C#N,-1,24825049
O=C(Nc1cccc(F)c1)c1coc(=O)c(Br)c1,-1,22401262
O=C(O)C(F)(F)F.O=C1[C@H]2[C@@H](C(=O)N1Cc1ccccc1)[C@@H](c1ccccc1)N[C@]21CCCN(CC2CCCCC2)C1=O,-1,99360152
O=C(CNC(=O)Cc1ccccc1)NCc1cccs1,-1,57265586
CCCN1C[C@@H](C)[C@@H](OC)CN(C)C(=O)c2ccc(NC(=O)CC)cc2OC[C@@H]1C,-1,131432235
Cc1cccc(C)c1OCC(=O)NCc1ccccc1,-1,49669990
Cc1ccc(C)c(S(=O)(=O)N2CCN(C(C)C(=O)Nc3ccccc3-c3ccccc3)CC2)c1,-1,22410687
Cc1noc(C)c1COc1ccccc1C(=O)N(C)CC(=O)Nc1ccc(F)c(F)c1F,-1,74373844
CN1CCCCC(NC(=O)COCc2ccccc2)C1=O,-1,134214802
Nc1ccccc1Sc1ccc(C(=O)c2ccccc2C(=O)O)cc1[N+](=O)[O-],-1,26728544
Cc1ccc(C(=O)N/N=C\c2ccc(OC(=O)c3cccc(F)c3)cc2)cn1,-1,49716626
N#Cc1ccc(C(=O)N2CCN(S(=O)(=O)c3ccccc3)CC2)cc1,-1,2090023
CO[C@H]1CN(C)C(=O)c2ccc(NC(=O)c3ccccc3)cc2OC[C@@H](C)N(C(=O)C2CC2)C[C@H]1C,-1,131429296
O=C(Nc1nc(-c2ccccc2)cs1)c1ccncc1NS(=O)(=O)c1ccccc1Cl,-1,70789360
CCCC(=O)Nc1ccc2c(c1)OC[C@@H](C)NC[C@@H](C)[C@@H](OC)CN(C)C2=O,-1,131427861
CC/N=c1\sc(C(=O)Nc2ccccc2)c(C)n1CC,-1,24832751
COP(=O)(OC)c1ccc(NCc2cc(O)ccc2O)cc1,-1,92764382
CC1CCN(C(=O)Cn2cc(C(F)(F)F)ccc2=O)c2ccccc2S1,-1,85198922
COc1cc(OC)c(OC)cc1CN1CCSCC1,-1,47199021
Cc1ccc(S(=O)(=O)N2CCN(C(=O)C3COc4ccccc4O3)CC2)cc1,-1,4658704
Cc1ccc(S(=O)(=O)Nc2ncccc2C(=O)Nc2nc(-c3ccccc3)cs2)cc1,-1,70789448
CN1CCN(C(=O)c2cc(Cl)cc(Cl)c2)CC1,-1,49642405
CC(CN1CCCCC1)C(=O)NNC(=O)C12CC3CC(CC(C3)C1)C2,-1,24810452
COc1ccccc1C(=O)Nc1ccc2c(c1)OC[C@@H](C)N(CC1CC1)C[C@H](C)[C@@H](OC)CN(C)C2=O,-1,131432204
COc1ccccc1C(=O)Nc1ccc2c(c1)OC[C@@H](C)N(CC1CC1)C[C@H](C)[C@H](OC)CN(C)C2=O,-1,131432203
Cc1ccc(S(=O)(=O)N2CCC(C(=O)NCCCN3CCOCC3)CC2)cc1C,-1,56316581
CCc1nc2c(OCc3ccc(C(=O)OC)cc3)cccn2c1N(C)C(=O)c1ccc(C)cc1,-1,99454467
CN1CCN(CC(=O)Nc2ccc(Cl)cc2Cl)CC1,-1,4262116
O=C(COC(=O)c1ccc([N+](=O)[O-])s1)NC(=O)NCc1ccccc1,-1,24825371
O=C(O)c1cccc(Nc2ccnc(Nc3cccc(C(=O)O)c3)n2)c1,-1,49667528
O=C(N/N=C/c1cccc(O)c1)c1ccccc1O,-1,26724171
COc1ccc(O)c(C(c2c(C)n[nH]c2O)c2c(C)n[nH]c2O)c1,-1,24780731
CN(C)CCCN(C(=O)c1ccc([N+](=O)[O-])s1)c1nc2cc3c(cc2s1)OCCO3.Cl,-1,51086244
CC(=O)Nc1ccc(S(=O)(=O)Nc2nccs2)cc1,-1,67183
O=C(c1ccccc1)N1CCCC(NS(=O)(=O)c2ccccc2)C1,-1,51107405
O=C(C[C@H]1C=C[C@H](NC(=O)c2ccccc2)[C@H](CO)O1)NCCc1ccncc1,-1,131439069
CCC(=O)N1C[C@H](C)[C@H](OC)CN(C)C(=O)c2ccc(NC(=O)c3ccccc3)cc2OC[C@H]1C,-1,131428269
C#CC(C)(C)NC(=O)c1ccc(-c2ccccc2F)cc1,-1,26729209
Nc1cccnc1Oc1ccc(F)cc1,-1,26726428
O=C(Nc1ccc2c(c1)OCCO2)C1CCCC1,-1,57258574
COc1ccc(/C=N/NC(=O)c2ccccc2O)cc1CN1CCOCC1,-1,26660910
CN(Cc1ccc(O)c(C(=O)O)c1)Cc1ccc(C(=O)N[C@@H](CC(=O)O)C(=O)CSCc2ccccc2Cl)s1,1,5327301
O=C[C@H](CC(=O)O)NC(=O)c1ccc(CNS(=O)(=O)c2ccc(O)c(C(=O)O)c2)cc1,1,5327302
O=C[C@H](CC(=O)O)NC(=O)c1ccc(CNS(=O)(=O)c2ccc(O)c(C(=O)O)c2)nc1,1,5327304
O=C(O)C[C@H](NC(=O)c1cnc(CNS(=O)(=O)c2ccc(O)c(C(=O)O)c2)s1)C(=O)CSCc1ccccc1Cl,1,5327307
O=C[C@H](CC(=O)O)NC(=O)c1ccc(CNS(=O)(=O)c2ccc(O)c(C(=O)O)c2)s1,1,5327308
O=C(O)C[C@H](NC(=O)c1ccc(CNS(=O)(=O)c2ccc(O)c(C(=O)O)c2)s1)C(=O)CSCc1ccccc1Cl,1,5327309
O=C(O)C[C@H](NC(=O)c1cnc(CNS(=O)(=O)c2ccc(O)c(C(=O)O)c2)nc1)C(=O)CSCc1ccccc1Cl,1,10963183
CN1C(=O)C(=O)c2cc([N+](=O)[O-])ccc21,1,515950
O=C1Nc2ccc(S(=O)(=O)N3CCC[C@H]3CNc3ccccc3)cc2C1=O,1,9800285
O=C1Nc2ccc(S(=O)(=O)N3CCC[C@H]3COc3ccccc3)cc2C1=O,1,9821545
O=C1C(=O)N(Cc2ccccc2)c2ccc([N+](=O)[O-])cc21,1,10826725
CC(C)C[C@H](NC(=O)COc1cccc2ccccc12)C(=O)N[C@H]1CC(=O)OC1O,1,10001828
Cc1ccc2ccccc2c1OCC(=O)N[C@@H](CC(C)C)C(=O)N[C@H]1CC(=O)OC1O,1,44331552
CC(C)C[C@H](NC(=O)COc1c(Cl)cc(Cl)c2ccccc12)C(=O)N[C@H]1CC(=O)OC1O,1,44331565
CC(C)C[C@H](NC(=O)CCSc1ccc2ccccc2c1)C(=O)N[C@H]1CC(=O)OC1O,1,44331577
CC(C)C[C@H](NC(=O)COc1ccc(Cc2ccccc2)cc1)C(=O)N[C@H]1CC(=O)OC1O,1,44331578
CC(C)C[C@H](NC(=O)COc1ccccc1Cc1ccccc1)C(=O)N[C@H]1CC(=O)OC1O,1,44331579
CC(C)C[C@H](NC(=O)COc1ccc(-c2ccccc2)cc1)C(=O)N[C@H]1CC(=O)OC1O,1,44331580
CC(C)C[C@H](NC(=O)COc1cccc(-c2ccccc2)c1)C(=O)N[C@H]1CC(=O)OC1O,1,44331674
CC(C)C[C@H](NC(=O)COc1ccc2c(c1)CCCC2)C(=O)N[C@H]1CC(=O)OC1O,1,44331739
CC(C)C[C@H](NC(=O)COc1cccc2c1CCCC2)C(=O)N[C@H]1CC(=O)OC1O,1,44331740
CC(C)C[C@H](NC(=O)COc1ccc2ccccc2c1)C(=O)N[C@H]1CC(=O)OC1O,1,44331943
CC(C)C[C@@H](NC(=O)OCc1ccccc1)C(=O)C[C@H]1CC(=O)OC1O,1,44331963
CC(C)[C@@H](NC(=O)OCc1ccccc1)C(=O)C[C@H]1CC(=O)OC1O,1,44331964
CC(C)C[C@H](NC(=O)COc1ccc(C23CC4CC(CC(C4)C2)C3)cc1)C(=O)N[C@H]1CC(=O)OC1O,1,44331987
CC(C)C[C@H](NC(=O)C(C)Oc1cccc2ccccc12)C(=O)N[C@H]1CC(=O)OC1O,1,44332024
CC(C)C[C@H](NC(=O)CCSc1cccc2ccccc12)C(=O)N[C@H]1CC(=O)OC1O,1,44332026
CC(C)C[C@H](NC(=O)COc1ccccc1OCc1ccccc1)C(=O)N[C@H]1CC(=O)OC1O,1,44332050
CC(C)C[C@H](NC(=O)/C=C/c1ccccc1)C(=O)N[C@H]1CC(=O)OC1O,1,44332051
Cc1ccc(OCC(=O)N[C@@H](CC(C)C)C(=O)N[C@H]2CC(=O)OC2O)c(C23CC4CC(CC(C4)C2)C3)c1,1,44332058
CC(C)C[C@H](NC(=O)COc1ccc(Oc2ccccc2)cc1)C(=O)N[C@H]1CC(=O)OC1O,1,44332068
CC(C)C[C@H](NC(=O)CCOc1ccc2ccccc2c1)C(=O)N[C@H]1CC(=O)OC1O,1,44332093
CC(C)C[C@H](NC(=O)C(C)Oc1cccc2cc(Br)ccc12)C(=O)N[C@H]1CC(=O)OC1O,1,44332109
CC(C)C[C@H](NC(=O)COc1cccc2cnccc12)C(=O)N[C@H]1CC(=O)OC1O,1,44332120
CC(C)C[C@H](NC(=O)CCCc1ccc2ccccc2c1)C(=O)N[C@H]1CC(=O)OC1O,1,44332128
CC(C)C[C@H](NC(=O)CCOc1cccc2ccccc12)C(=O)N[C@H]1CC(=O)OC1O,1,44332330
CC(C)C[C@H](NC(=O)CC(=O)c1ccc2ccccc2c1)C(=O)N[C@H]1CC(=O)OC1O,1,44332331
CC(C)C[C@H](NC(=O)CC(=O)c1cccc2ccccc12)C(=O)N[C@H]1CC(=O)OC1O,1,44332332
CC(C)CC(NC(=O)[C@H](CCC(=O)O)Oc1cccc2ccccc12)C(=O)N[C@H]1CC(=O)OC1O,1,44331914
CC(C)CC(NC(=O)[C@@H](CCC(=O)O)Oc1cccc2ccccc12)C(=O)N[C@H]1CC(=O)OC1O,1,44331915
CC(C)CC(NC(=O)CNCC(Cc1ccccc1)c1ccccc1)C(=O)N[C@H]1CC(=O)OC1O,1,44331953
CC(C)C(NC(=O)CCOc1cccc2ccccc12)C(=O)N[C@H]1CC(=O)OC1O,1,44331957
CC(C)CC(NC(=O)CNc1cccc(Oc2ccccc2)c1)C(=O)N[C@H]1CC(=O)OC1O,1,44331965
CC(C)C(NC(=O)COc1ccc2ccccc2c1C(=O)O)C(=O)N[C@H]1CC(=O)OC1O,1,44331977
CC(C)C(NC(=O)COc1cccc2c(NS(=O)(=O)C(F)(F)F)cccc12)C(=O)N[C@H]1CC(=O)OC1O,1,44332005
CC(C)C(NC(=O)COc1cc2ccccc2cc1NS(=O)(=O)C(F)(F)F)C(=O)N[C@H]1CC(=O)OC1O,1,44332112
CC(C)C(NC(=O)COc1cc2ccccc2cc1C(=O)O)C(=O)N[C@H]1CC(=O)OC1O,1,44332113
CC(C)C(NC(=O)CNc1cccc2ccccc12)C(=O)N[C@H]1CC(=O)OC1O,1,44332118
CC(C)CC(NC(=O)CNc1cccc2ccccc12)C(=O)N[C@H]1CC(=O)OC1O,1,44332311
CC(C)C[C@H](NC(=O)C(C)Nc1cccc2ccccc12)C(=O)N[C@H]1CC(=O)OC1O,1,90663142
CC(=O)N[C@@H](CC(=O)O)C(=O)N[C@@H](CCC(=O)O)C(=O)N[C@H](C(=O)N[C@H]1CC(=O)OC1O)C(C)C,1,44331898
CC(C)[C@H](OC(=O)Nc1ccccc1)C(=O)NC(CC(=O)O)C(=O)CF,1,11257152
CCCCCCN(C)CC(=O)C(CC(=O)O)NC(=O)C(CC)n1cc(C(C)(C)C)nc(NCc2nonc2C)c1=O.Cl,1,49796910
O=C1C(=O)N(Cc2ccc(OCCF)cc2)c2ccc(S(=O)(=O)N3CCC[C@H]3COc3ccccc3)cc21,1,11533935
O=C1C(=O)N(Cc2ccc(O)cc2)c2ccc(S(=O)(=O)N3CCC[C@H]3COc3cccnc3)cc21,1,16749068
N#CC(C#N)=C1C(=O)N(Cc2ccc(O)cc2)c2ccc(S(=O)(=O)N3CCC[C@H]3COc3ccccc3)cc21,1,16749161
N#CC(C#N)=C1C(=O)N(Cc2ccccc2)c2ccc(S(=O)(=O)N3CCC[C@H]3COc3cccnc3)cc21,1,16749162
N#CC(C#N)=C1C(=O)N(Cc2ccc(O)cc2)c2ccc(S(=O)(=O)N3CCC[C@H]3COc3cccnc3)cc21,1,16749163
O=C1C(=O)N(Cc2ccc(Br)cc2)c2ccc(S(=O)(=O)N3CCC[C@H]3COc3ccccc3)cc21,1,16749267
O=C1C(=O)N(Cc2ccc(Br)cc2)c2ccc(S(=O)(=O)N3CCC[C@H]3COc3cccnc3)cc21,1,16749268
N#CC(C#N)=C1C(=O)N(Cc2ccccc2)c2ccc(S(=O)(=O)N3CCC[C@H]3COc3ccccc3)cc21,1,16749269
N#CC(C#N)=C1C(=O)N(Cc2ccc(Br)cc2)c2ccc(S(=O)(=O)N3CCC[C@H]3COc3ccccc3)cc21,1,16749270
O=C1C(=O)N(Cc2ccccc2)c2ccc(S(=O)(=O)N3CCSCC3)cc21,1,42618277
N#CC(C#N)=C1C(=O)N(Cc2ccccc2)c2ccc(S(=O)(=O)N3CCCCC3)cc21,1,42618278
COc1ccc(CN2C(=O)C(=C(C#N)C#N)c3cc(S(=O)(=O)N4CCCCC4)ccc32)cc1,1,42618279
N#CC(C#N)=C1C(=O)N(Cc2ccc(Cl)c(Cl)c2)c2ccc(S(=O)(=O)N3CCCCC3)cc21,1,42618280
N#CC(C#N)=C1C(=O)N(Cc2ccccc2)c2ccc(S(=O)(=O)N3CCOCC3)cc21,1,42618281
COc1ccc(CN2C(=O)C(=C(C#N)C#N)c3cc(S(=O)(=O)N4CCOCC4)ccc32)cc1,1,42618282
N#CC(C#N)=C1C(=O)N(Cc2ccc(Cl)c(Cl)c2)c2ccc(S(=O)(=O)N3CCOCC3)cc21,1,42618283
N#CC(C#N)=C1C(=O)N(Cc2ccccc2)c2ccc(S(=O)(=O)N3CCSCC3)cc21,1,42618284
COc1ccc(CN2C(=O)C(=C(C#N)C#N)c3cc(S(=O)(=O)N4CCSCC4)ccc32)cc1,1,42618285
O=C1C(=O)N(Cc2ccccc2)c2ccc(S(=O)(=O)N3CCC3)cc21,1,42618287
N#CC(C#N)=C1C(=O)N(Cc2ccccc2)c2ccc(S(=O)(=O)N3CCC3)cc21,1,42618288
N#CC(C#N)=C1C(=O)N(Cc2ccc(Cl)c(Cl)c2)c2ccc(S(=O)(=O)N3CCC3)cc21,1,42618290
N#CC(C#N)=C1C(=O)N(Cc2ccccc2)c2ccc(S(=O)(=O)N3CCCC3)cc21,1,42618291
COc1ccc(CN2C(=O)C(=C(C#N)C#N)c3cc(S(=O)(=O)N4CCCC4)ccc32)cc1,1,42618292
N#CC(C#N)=C1C(=O)N(Cc2ccc(Cl)c(Cl)c2)c2ccc(S(=O)(=O)N3CCCC3)cc21,1,42618293
N#Cc1nc(Nc2cccc(Cl)c2)nc(NC2CCCC2)n1,1,44459967
N#Cc1nc(Nc2cc(F)cc(F)c2)nc(NC2CCCC2)n1,1,44459987
O=C1C(=O)N(Cc2cn(CCF)nn2)c2ccc(S(=O)(=O)N3CCC[C@H]3COc3ccc(F)cc3F)cc21,1,25179141
N#CC(C#N)=C1C(=O)N(Cc2ccc(OCCF)cc2)c2ccc(S(=O)(=O)N3CCC[C@H]3COc3cccnc3)cc21,1,25217030
N#CC(C#N)=C1C(=O)N(Cc2ccc(OCCF)cc2)c2ccc(S(=O)(=O)N3CC[C@H]3COc3cccnc3)cc21,1,25217031
N#CC(C#N)=C1C(=O)N(Cc2ccc(OCCF)cc2)c2ccc(S(=O)(=O)N3CCC[C@H]3COc3ccccc3)cc21,1,25217032
O=C1C(=O)N(Cc2ccc(OCCF)cc2)c2ccc(S(=O)(=O)N3CC[C@H]3COc3ccccc3)cc21,1,25217145
O=C1C(=O)N(Cc2ccc(OCCF)cc2)c2ccc(S(=O)(=O)N3CC[C@H]3COc3cccnc3)cc21,1,52918163
O=C1C(=O)N(Cc2ccc(OCCF)cc2)c2ccc(S(=O)(=O)N3CCC[C@H]3COc3cccnc3)cc21,1,52918177
O=C1C(=O)N(Cc2cn(CCF)nn2)c2ccc(S(=O)(=O)N3CCC[C@H]3COc3cccnc3)cc21,1,52918178
O=C1C(=O)N(Cc2cn(CCF)nn2)c2ccc(S(=O)(=O)N3CC[C@H]3COc3cccnc3)cc21,1,52918179
N#CC(C#N)=C1C(=O)N(Cc2ccc(OCCOCCF)cc2)c2ccc(S(=O)(=O)N3CCC[C@H]3COc3ccccc3)cc21,1,54581987
O=C1C(=O)N(Cc2ccc(OCCOCCOCCF)cc2)c2ccc(S(=O)(=O)N3CCC[C@H]3COc3ccccc3)cc21,1,54582484
O=C1C(=O)N(Cc2ccc(OCCF)cc2)c2ccc(S(=O)(=O)N3CCC[C@H]3COc3ccc(F)cc3F)cc21,1,54582924
N#CC(C#N)=C1C(=O)N(Cc2ccc(OCCF)cc2)c2ccc(S(=O)(=O)N3CC[C@H]3COc3ccccc3)cc21,1,54583923
O=C1C(=O)N(Cc2ccc(OCCF)cc2)c2ccc(S(=O)(=O)N3CC[C@H]3COc3ccc(F)cc3F)cc21,1,54583924
O=C1C(=O)N(Cc2cn(CCF)nn2)c2ccc(S(=O)(=O)N3CC[C@H]3COc3ccc(F)cc3F)cc21,1,54583925
O=C1C(=O)N(Cc2cn(CCF)nn2)c2ccc(S(=O)(=O)N3CC[C@H]3COc3ccccc3)cc21,1,54584867
N#CC(C#N)=C1C(=O)N(Cc2ccc(OCCOCCF)cc2)c2ccc(S(=O)(=O)N3CC[C@H]3COc3ccccc3)cc21,1,54585834
COc1ccc(CN2C(=O)C(=O)c3cc(S(=O)(=O)N4CC[C@H]4COc4cccnc4)ccc32)cc1,1,54587376
CC[C@H](C)[C@H](NC(=O)[C@H](CCC(N)=O)NC(=O)[C@@H](NC(=O)OCc1ccccc1)C(C)C)C(=O)N[C@H](/C=C/S(C)(=O)=O)CC(=O)O,1,71719897
CCCCN1C(=O)C(=O)c2cc(S(=O)(=O)N3CCC[C@H]3COCC)ccc21,1,71583080
O=C1C(=O)N(Cc2ccccc2[N+](=O)[O-])c2ccc(S(=O)(=O)N3CCC[C@H]3CF)cc21,1,76314800
O=C1C(=O)N(Cc2ccc(I)cc2)c2ccc(S(=O)(=O)N3CCC[C@H]3CF)cc21,1,76318413
COC[C@@H]1CCCN1S(=O)(=O)c1cc(F)c2c(c1)C(=O)C(=O)N2CCCF,1,118723331
O=C(c1ccc(-n2cccc2)cc1)N1CCN(S(=O)(=O)c2ccccc2)CC1,1,17426194
[O-][n+]1onc2c1CCc1c-2nn(-c2ccccc2)[n+]1[O-],1,2173306
Cc1ccccc1S(=O)(=O)N1[C@@H]2CNC[C@H]1[C@@H]2c1ccc(-c2ccc(C#N)cc2)cc1,1,144198761
CCOC(=O)[C@H](Cc1c[nH]c2ccccc12)NC(=O)CN=[N+]=[N-],1,144188109
O=C(Cc1ccccc1)N1CCCCN2[C@H](CO)[C@@H](c3ccc(C#Cc4ccccc4)cc3)[C@H]2C1,1,131464433
O=C(C[C@@H]1C[C@H]2c3cc(NC(=O)NC4CCCCC4)ccc3O[C@H]2[C@H](CO)O1)NCc1ccccn1,1,131443173
CN(C)c1ccc2c(c1)[C@@H]1C[C@@H](CC(=O)N3CCOCC3)O[C@@H](CO)[C@@H]1O2,1,131442359
CO[C@H]1CN(C)C(=O)c2ccc(NS(=O)(=O)c3cccc(Cl)c3)cc2OC[C@@H](C)NC[C@H]1C,1,131428218
CCOC(=O)N1CCN(C(C(=O)NC2CCCC2)C(C)C)CC1,1,125306878
CCCCNC(=O)c1nc(C2CCNCC2)oc1-c1cccc(C(F)(F)F)c1,1,125305557
O=C1Cc2ccccc2C(=O)N1,1,124753368
CC(=O)Nc1cccc2cc(S(=O)(=O)O)ccc12,1,121286591
Cn1c(=O)c2c(-c3ccccc3)n(-c3ccc(N)cc3)cc2n(C)c1=O,1,121286026
O=C(Nc1c(-c2ccc3c(c2)OCO3)n[nH]c1O)c1ccccc1,1,121285867
C[C@H](O)[C@@H]1C(=O)N2CCc3c([nH]c4ccccc34)[C@@H]2C[C@@H]1N(C)C(=O)Nc1cccc2ccccc12,1,121285670
O=C(Nc1cccc2c(O)nnc(O)c12)c1ccc([N+](=O)[O-])cc1,1,121283797
Oc1cc(O)cc(C=Cc2ccc(O)c(O)c2)c1,1,121283517
NNC(=O)CNC(=O)Nc1nnc(S)s1,1,121282880
O=[N+]([O-])c1ccc(F)c2c(O)[nH]nc12,1,121282848
Cc1ccc(NC(=O)c2cc(S(=O)(=O)NCC3CCCO3)ccc2F)cc1,1,103060798
CC(=O)N1CCc2c(sc(NC(=O)c3ccc([N+](=O)[O-])o3)c2C(N)=O)C1,1,103050345
CC(N)C(=O)NC(C(=O)NC(C)C(=O)Nc1cccc2ccccc12)C(C)C,1,99495562
COc1cc(NCCCCC(C)N)c2nccc(C)c2c1.O=P(O)(O)O,1,99361026
COCCn1c2nc(=O)n(-c3ccccc3)c(=O)c-2nc2ccccc21,1,99360882
Cc1cnc(C2OCCO2)c2cccc(N)c12,1,99360850
CC(Cc1ccc(O)cc1)NCC(O)c1ccc(O)c(O)c1.O=C(O)c1ccccc1,1,99360677
O=C(O)C(F)(F)F.O=C1NC(Cc2ccc(O)cc2)c2nc3ccc(Br)cc3c(=O)n2-c2ncccc21,1,99359919
CC(C)c1ccc(C(c2c(O)oc3ccccc3c2=O)c2c(O)oc3ccccc3c2=O)cc1,1,99357753
O=[N+]([O-])c1cc2ccccc2c(O)c1O,1,99357639
COc1cc(N(C(C)=O)c2ccc(O)c(C(=O)O)c2)c2ncccc2c1,1,99356045
Nc1c(Br)cc(Br)c2c1nc(O)c1ccccc12,1,99355995
Nc1cc2c(cc1Br)nc(O)c1ccccc12,1,93577156
CC[C@@H](CO)NC(=O)[C@@H]1C=C2c3cccc4[nH]cc(c34)C[C@H]2N(C)C1.O=C([O-])/C=C\C(=O)[O-],1,93576602
Cl.O=C1C(Br)=C(N2CCN(CCOCCO)CC2)C(=O)c2c(O)ccc(O)c21,1,92764784
O=S(=O)(O)c1cc(Cl)cc(N=Nc2ccc(O)cc2O)c1O,1,92764077
O=C1Cc2ccccc2C(=O)N1Nc1ccccc1,1,92763999
Cc1cc(=O)n2c3c(c4c(cc13)c(CN(C)C)cc(=O)n4C)OC2,1,92763382
COc1cc(NC(C)CCCNC(C)C)c2ncccc2c1OC.O=C(O)C(=O)O,1,89856016
Cc1nc2c(=O)[nH]c(=S)[nH]c2nc1O,1,89855535
O=C(O)c1ccc([N+](=O)[O-])c([N+](=O)[O-])c1,1,89855372
O=C1NC(=O)C(=Cc2ccccc2[N+](=O)[O-])S1,1,89854889
COc1cc(N)c2ncccc2c1Br,1,89854866
O=C(c1ccccc1NS(=O)(=O)c1ccc([N+](=O)[O-])cc1[N+](=O)[O-])N1O[C@@H]2C=C[C@H]1C2,1,89854532
Cn1c(N)c(N=O)c(=O)n(C)c1=S,1,89854467
O=S(=O)(O)c1cc(O)c(N=Nc2ccc(O)cc2O)c2ccccc12,1,89854191
Cc1nnc(NS(=O)(=O)c2ccc(N=Nc3ccc(N)nc3N)cc2)s1,1,89853970
Nc1ccc2c(O)cc(S(=O)(=O)O)cc2c1,1,89853596
Nc1ccc(C(=O)Nc2ccc3c(O)cc(S(=O)(=O)O)cc3c2)cc1,1,89852628
C=CCn1c(NC(=O)c2ccccc2Cl)c(C#N)c2nc3ccccc3nc21,1,87347061
CCCCn1c(NC(=O)c2ccccc2Cl)c(C#N)c2nc3ccccc3nc21,1,87346827
COc1cc(NCCCNC(C)C)c2nccc(C)c2c1,1,87336527
Nc1cc2cccnc2cc1Cl,1,87335616
Nc1cc(S(=O)(=O)O)cc2ccc(S(=O)(=O)O)cc12,1,87335411
O=C(COC(=O)c1ccccc1)Nc1ncc([N+](=O)[O-])s1,1,85270375
O=C(O)c1ccccc1NS(=O)(=O)c1ccc(NN=Cc2ccccc2F)c([N+](=O)[O-])c1,1,85270312
Cn1cnnc1SCC(=O)Nc1ncc([N+](=O)[O-])s1,1,85270227
COc1ccc(NC(=O)COC(=O)CCNS(=O)(=O)c2ccc(C(C)=O)cc2)c([N+](=O)[O-])c1,1,85269175
O=C(COC(=O)c1ccc([N+](=O)[O-])o1)NCCc1ccccc1,1,85268737
CC1CCN(C(=O)COC(=O)c2ccc([N+](=O)[O-])o2)CC1,1,85268677
CCN(C(=O)COC(=O)c1ccc([N+](=O)[O-])o1)C1CCCCC1,1,85268550
O=C(COC(=O)c1ccc([N+](=O)[O-])o1)Nc1ncc(Cl)cc1Cl,1,85268490
O=C(O)c1ccccc1NS(=O)(=O)c1ccc(NN=Cc2cccc(Cl)c2)c([N+](=O)[O-])c1,1,85268041
O=C1CN(C(=O)COC(=O)c2ccc([N+](=O)[O-])s2)c2ccccc2N1,1,85267974
O=C(COC(=O)c1ccc([N+](=O)[O-])o1)NCc1ccc(F)cc1,1,85200204
O=C(COC(=O)c1ccc([N+](=O)[O-])o1)NCCCc1ccccc1,1,85200172
CC1Cc2ccccc2N1C(=O)COC(=O)c1ccc([N+](=O)[O-])o1,1,85199780
O=C(COC(=O)c1ccc([N+](=O)[O-])o1)Nc1ccc(Br)cc1F,1,85199507
CN(CC(=O)Nc1ccccc1Cl)C(=O)COC(=O)c1ccc([N+](=O)[O-])s1,1,85199323
COc1cc(NC(=O)COC(=O)c2ccc([N+](=O)[O-])s2)cc(OC)c1OC,1,85199198
COc1cc(C(=O)OCC(=O)N2CCCC2=O)cc(OC)c1C,1,85198850
CN(c1ccc(OCC(=O)Nc2cc(Cl)ccc2C(=O)O)cc1)S(=O)(=O)c1ccc(F)cc1,1,85198361
O=C(O)C(F)(F)F.Oc1cc(NCCc2cccnc2)cc2cccnc12,1,85147440
CN(C)CCCNc1cc(O)c2ncccc2c1.O=C(O)C(F)(F)F,1,85147439
O=C(O)C(F)(F)F.Oc1cc(NCCN2CCOCC2)cc2cccnc12,1,85147438
CCOCCOc1cc(NCc2ccccc2)c2ncn(C(C)C)c2c1,1,85147259
O=C(OCc1nnc(-c2ccccc2)o1)c1ccc([N+](=O)[O-])s1,1,57268517
Cc1ccc(Sc2ccc(S(=O)(=O)Nc3ccc(CC(=O)O)cc3)cc2)cc1C,1,57267808
CC1CCCCC1NC(=O)COC(=O)c1ccc([N+](=O)[O-])o1,1,57266499
O=C(O)/C(=C\c1ccc(Cl)c([N+](=O)[O-])c1)c1ccc(S(=O)(=O)N2CCCC2)s1,1,57265871
CCO/C(O)=C1/C(C)=Nc2ccccc2N=C1NS(=O)(=O)c1cc(C(=O)O)ccc1Cl,1,57265139
O=c1ccc2c(-c3ccccc3S(=O)(=O)O)c3ccc(O)c(O)c3oc-2c1O,1,57264392
CC[Hg]Sc1ccccc1C(=O)[O-].[Na+],1,57264345
Cc1cc(C)cc(NC(=O)Cc2ccc(S(=O)(=O)N3CCCC3)s2)c1,1,57264133
COc1cccc(C(=O)OCC(=O)Nc2sc3c(c2C(N)=O)CCC3)c1O,1,57263880
Cc1cc(C(=O)NNS(=O)(=O)c2cc(C(=O)O)ccc2Cl)c(C)n1-c1ccccc1,1,57263802
O=C(OC1CCOC1=O)c1ccc(Cl)c(S(=O)(=O)N2CCOCC2)c1,1,57263753
COc1ccccc1NC(=O)COC(=O)c1cc2c(s1)CCC2,1,57263403
O=C(COC(=O)c1ccc([N+](=O)[O-])s1)NCCc1ccccc1,1,57261528
Oc1cc2c(cc1O)[C@H]1c3ccc(O)c(O)c3OC[C@@]1(O)C2,1,57260893
COc1ccc(S(=O)(=O)N2CCN(C(=O)C3COc4ccccc4O3)CC2)cc1,1,57260657
CCCCC/C=C\C/C=C\C/C=C\CCCCC(=O)O,1,57260207
COc1ccc(C(=O)OCC(=O)Nc2ncc([N+](=O)[O-])s2)cc1OC,1,57259953
CCOC(=O)C1=C(COC(=O)c2ccc([N+](=O)[O-])o2)NC(=O)NC1C,1,57258801
COCCN(C(=O)c1cc2c(s1)CCC2)c1c(N)n(CC(C)C)c(=O)[nH]c1=O,1,57257929
O=C(O)c1cc(S(=O)(=O)Nc2ccc3c[nH]nc3c2)ccc1Br,1,57256041
COc1cc(NC(C)CCCN)c2ncccc2c1.O=P(O)(O)O,1,56463673
O=c1c(O)c(-c2cc(O)c(O)c(O)c2)oc2cc(O)cc(O)c12,1,56463598
O=C(O)C1CCCCC1C(=O)Nc1cccc(Br)c1,1,56462846
Cc1ccc(NC(=O)CN(C)C(=O)c2cccc(-n3cccc3)c2)cc1,1,56422357
O=C(CCc1nc(O)c2c3c(sc2n1)CCCC3)NCC(=O)Nc1ccccc1Br,1,56422346
CC[C@@H](CO)NC(=O)[C@@H]1C=C2c3cccc4c3c(cn4C)C[C@H]2N(C)C1.O=C(O)/C=C\C(=O)O,1,56422124
CC(NC(=O)CN1c2cccc3cccc(c23)S1(=O)=O)c1ccc(S(N)(=O)=O)cc1,1,56321727
Cc1ccc(C)c(NC(=O)CN(C)C(=O)c2cccc(-n3cccc3)c2)c1,1,56319582
Cc1cccc(NC(=O)CNC(=O)CCc2nc(O)c3c4c(sc3n2)CCCC4)c1C,1,56319525
CN(CC(=O)Nc1ccc(F)c(F)c1F)C(=O)CCc1nc(O)c2c3c(sc2n1)CCCC3,1,56319472
O=C(COC(=O)Cc1ccccc1)Nc1cc(S(=O)(=O)N2CCCCC2)ccc1Cl,1,56319129
COc1ccc(S(=O)(=O)NNC(=O)Cc2csc(C)n2)cc1[N+](=O)[O-],1,56318964
CCCCN(C(=O)c1cccc(-n2cccc2)c1)c1c(N)n(Cc2ccccc2)c(=O)[nH]c1=O,1,56318958
O=C(c1cccc(-n2cccc2)c1)N1CCN(S(=O)(=O)c2ccccc2)CC1,1,56317989
CCCN(C(=O)c1cccc(-n2cccc2)c1)c1c(N)n(Cc2ccccc2)c(=O)[nH]c1=O,1,56317028
COc1ccc(NC(=O)CN(C)C(=O)c2cccc(-n3cccc3)c2)cc1,1,56316938
COc1cc(/C=C2\SC(=S)N(CC(=O)O)C2=O)ccc1OS(=O)(=O)c1ccc(C)cc1,1,56316625
COCCN(C(=O)COC(=O)c1cc2c(s1)CCC2)c1c(N)n(Cc2ccccc2)c(=O)[nH]c1=O,1,56316484
COc1ccc(Br)cc1C1CC(=O)N2CN(C)CSC2=C1C#N,1,51088860
O=C(N/N=C/c1ccc(OC(=O)c2ccccc2Cl)cc1)c1cc(O)cc(O)c1,1,49828764
Cn1ccs/c1=N\C(=O)c1ccc([N+](=O)[O-])o1,1,49827379
CC(Oc1ccc(F)cc1)C(=O)Nc1cccc(-c2nn[nH]n2)c1,1,49826541
O=C(Nc1cc([N+](=O)[O-])ccc1O)c1ccc2c(c1)C(=O)N(Cc1ccco1)C2=O,1,49826424
O=C(Nc1sc2c(c1C(=O)O)CCC2)C(=O)N1CCOCC1,1,49825183
C/C(=N\NC(=O)c1cc(O)ccc1O)c1cccc(NC(=O)c2ccc(Cl)cc2)c1,1,49824139
C/C(=N\NC(=O)c1cc(O)ccc1O)c1cccc(NC(=O)c2cccc(Cl)c2)c1,1,49824138
O=C(N/N=C/c1cn(Cc2cccc(F)c2)c2ccccc12)c1cc(O)cc(O)c1,1,49823732
O=C(N/N=C/c1cn(Cc2ccccc2)c2ccccc12)c1cc(O)cc(O)c1,1,49823633
Cn1c2ccccc2c2cc(/C=N/NC(=O)c3cc(O)ccc3O)ccc21,1,49823586
CC(C)CN1C(=O)NC2(CCCc3ccccc32)C1=O,1,49821729
Cc1c(C(=O)N2CCCC2)oc2ccc(Br)cc12,1,49819710
O=C(NNC(=O)c1ccccc1Br)c1ccc2[nH]cnc2c1,1,49817587
COC(=O)c1c(C)oc2c1cc(NS(=O)(=O)c1ccc(C(=O)O)cc1)c1ccccc12,1,49815861
Cc1oc2c(cc(NS(=O)(=O)c3ccc(C(C)C)cc3)c3ccccc32)c1C(=O)O,1,49735399
Cc1cc(C2(O)C(=O)Nc3ccccc32)ccc1F,1,49732803
O=C(Nc1ccc2nc3n(c(=O)c2c1)CCCCC3)c1c(F)ccc([N+](=O)[O-])c1F,1,49731195
Cc1ccc(C)c(S(=O)(=O)Nc2ccc3oc(C)c(C(=O)O)c3c2)c1,1,49730403
O=P(c1ccccc1)(c1ccccc1)c1cc(S(=O)(=O)[O-])ccc1O.[Na+],1,49729353
O=C(O)CN1C(=O)/C(=C\c2cc([N+](=O)[O-])ccc2OCc2ccccc2Cl)SC1=S,1,49729231
CC1=CCC(C(=O)O)C(C(=O)NC2CCCCC2)C1,1,49728974
Cc1ccc(S(=O)(=O)NC2=NC(=O)/C(=C/c3cc([N+](=O)[O-])ccc3O)S2)cc1,1,49725840
COc1ccc(CCC(=O)Nc2ccc(S(=O)(=O)Nc3nccc(C)n3)cc2)cc1,1,49725326
Cc1cc(NS(=O)(=O)c2ccc(NC(=O)COc3ccccc3[N+](=O)[O-])cc2)no1,1,49724396
CC(=O)N1CCOc2ccc(S(=O)(=O)NCc3ccc(F)cc3)cc21,1,49721692
O=[N+]([O-])c1cccc(NS(=O)(=O)c2ccc(-c3ccc(O)nn3)s2)c1,1,49717114
COc1ccc(NS(=O)(=O)c2ccc3c(c2)[C@H]2C=CC[C@H]2[C@@H](c2ccc(C(=O)O)cc2)N3)cc1,1,49716373
Cc1ccccc1N1C(=O)Cc2ccccc2C1=O,1,49680742
NS(=O)(=O)c1cccc(NC(=O)c2ccc3[nH]cnc3c2)c1,1,49680254
Oc1ccc(/C=N/Nc2ccc(Cl)nn2)c(O)c1O,1,49680188
O=c1cc2oc3cc(O)c(O)cc3c(-c3ccccc3[N+](=O)[O-])c-2cc1O,1,49679877
NS(=O)(=O)c1ccc(N=Nc2ccc(O)c3ncccc23)cc1,1,49679708
NNS(=O)(=O)c1ccc2c(c1)Cc1cc(S(=O)(=O)NN)ccc1-2,1,49679496
COC(=O)c1ccccc1CSc1nsc(/C=C/N(C)C)c1C#N,1,49678938
N=C(N)N/N=C/c1ccc(N(c2ccccc2)c2ccccc2)cc1.O=[N+]([O-])O,1,49676421
O=C1Cc2ccccc2C(=O)N1c1cccc(Cl)c1,1,49675673
COc1ccccc1N1C(=O)Cc2ccccc2C1=O,1,49675661
CCOc1cc(N2CCOCC2)c(OCC)cc1NS(=O)(=O)c1cc(NC(C)=O)ccc1OC,1,49675416
O=C(Nc1cccc(C(F)(F)F)c1)c1cccc(NS(=O)(=O)c2ccc(O)c(C(=O)O)c2)c1,1,49673410
CCOc1cc(C(=O)O)ccc1OCCOc1ccccc1,1,49672321
O=C(O)C/C(=C\c1cc(Cl)c2c(c1)OCO2)c1nc2ccccc2s1,1,49672223
Cc1nnc(N/N=C/c2cccc(C(F)(F)F)c2)n1N,1,49670428
O=C(N/N=C\C=C\c1ccc([N+](=O)[O-])o1)c1cccs1,1,49669013
C=CCOc1ccc(C(c2c(C(=O)O)[nH]c3ccccc23)c2c(C(=O)O)[nH]c3ccccc23)cc1,1,49668883
COc1ccccc1N=Nc1ccc(O)c2ncccc12,1,49668801
COc1cc(-c2noc(C)c2/C=C/c2ccc(C(=O)O)cc2)cc(OC)c1OC,1,49668215
CCCCC(NC(=O)Cc1c(C)c2cc3c(-c4ccccc4)coc3c(C)c2oc1=O)C(=O)O,1,49667788
O=C(O)c1cc([N+](=O)[O-])cc2c1C=Cc1ccccc1O2,1,49667671
CCOc1ccc(CCNC(=O)C2CC(C)=CCC2C(=O)O)cc1OCC,1,49667614
COc1cc2c(cc1OC)-c1cc(Nc3ccc(C(=O)O)cc3)nc(=O)n1CC2,1,49667118
O=C(C(=C1N(Cc2ccc(Cl)nc2)CCN1Cc1ccc(Cl)nc1)[N+](=O)[O-])C(Cl)Cl,1,49666987
O=C1Cc2ccccc2C(=O)N1Cc1cccc(Cl)c1,1,49666131
O=C(O)C1Oc2cc3ccccc3cc2O1,1,49665929
[O-][n+]1c2ccccc2[n+]([O-])c2cc(O)ccc21,1,49665578
N#CC1=C(N)Oc2cc(O)c(Cl)cc2C1c1ccccc1F,1,49665460
O=C(N/N=C/c1cc(Br)c(O)c(Br)c1O)c1cccnc1,1,49665187
O=C(O)c1cc(Nc2cc(Cl)c3nonc3c2[N+](=O)[O-])ccc1O,1,49664899
O=C(Cn1cnc([N+](=O)[O-])n1)c1ccc(O)c(O)c1,1,49649425
CNc1ccc2nc3ccccc3[n+](C)c2c1.[O-][Cl+3]([O-])([O-])[O-],1,49647052
Cc1c(CCC(=O)O)c(=O)oc2c(C)c(OCc3ccccc3Cl)ccc12,1,49646323
CC(=O)NC1C(=O)N(CCN2CCOCC2)c2ccc(Br)cc21.Cl,1,49646259
Nc1nc(-c2cc(O)ccc2[N+](=O)[O-])cc(-c2ccccc2)c1[N+](=O)[O-],1,49645210
Oc1ccc(Cl)cc1CNc1cccc2cccnc12,1,49643182
CC(=O)N(C)c1ccc(NC(=O)Cc2cccs2)cc1,1,49642285
Cc1ccc(C(=O)O)cc1N1C(=O)c2cccc3c([N+](=O)[O-])ccc(c23)C1=O,1,49641222
CN1CCc2cc3c(c4c2C1Cc1ccccc1-4)OCO3,1,47204251
CCOc1ccccc1NC(=O)Cc1cccs1,1,47203811
O=C1N=C(Nc2ccccc2Cl)S/C1=C\c1cccc([N+](=O)[O-])c1O,1,47203676
Oc1ccc(/N=C/c2c(O)ccc3ccccc23)cc1,1,47202876
COc1ccc(-c2nn(-c3ccccc3)cc2C(=O)Nc2cccc(C(=O)O)c2)cc1[N+](=O)[O-],1,47202356
Cc1ccc2[nH]c3c(c2c1)CCCC3NCCO.Cl,1,47200835
O=S(=O)(Nc1ccccc1Cl)c1cccc2nsnc12,1,47200127
O=S(=O)(Nc1ccccc1)c1cccc2nsnc12,1,47199824
O=C(O)C1Nc2c(Cl)cc(Cl)c(Cl)c2C2C=CCC12,1,47199748
O=C(O)C1C2C=CC(C2)C1C(=O)Nc1ccccc1Br,1,47198780
CCc1nnc(N/N=C/c2cc(C)c(C)cc2C)n1N,1,47198237
Oc1nc(Nc2ccccc2)cc2cc(Br)ccc12,1,47194052
Oc1nc(Nc2ccccc2Cl)cc2ccccc12,1,47194040
COc1cc2c(C#N)c(N3CCCC3)nc(N)c2c(N)n1,1,47194024
Oc1nc(Nc2ccc(F)cc2)cc2ccccc12,1,47194016
CCOC(=O)c1ccc(Nc2cc3ccccc3c(O)n2)cc1,1,47193999
CCCOc1cc2c(C#N)c(N3CCCC3)nc(N)c2c(N)n1,1,47193990
COc1ccc(OC)c(Nc2cc3ccccc3c(O)n2)c1,1,47193981
Oc1nc(Nc2ccccn2)cc2ccccc12,1,47193948
Nc1c(O)cccc1C(=O)O,1,47193877
Nc1nc(-c2ccccc2)nc(O)c1N=O,1,26732577
Nc1ccc(OC(=O)Nc2ccc(O)cc2)cc1,1,26732557
Cc1ccc(S(=O)(=O)Nc2csc(C)c2C(=O)O)cc1,1,26731306
Nc1cc([N+](=O)[O-])ccc1N1C(=O)CCCC1=O,1,26725240
O=C(COC(=O)c1ccc([N+](=O)[O-])s1)Nc1cccc(S(=O)(=O)NC2=NCCCCC2)c1,1,26724325
O=c1ccc2[n+]([O-])c3ccc([O-])cc3oc-2c1.[Na+],1,26671489
O=C(O)c1cccc(Cn2c(Cl)c(/C=N/NC(=O)c3cc4ccccc4cc3O)sc2=O)c1,1,26671145
NS(=O)(=O)c1ccc(N/N=C/c2ccc(O)c(O)c2O)c([N+](=O)[O-])c1,1,26670571
NS(=O)(=O)c1ccc(NC(=O)COC(=O)c2ccc([N+](=O)[O-])s2)cc1,1,26670276
C/C(=N\Nc1ccc(C(=O)O)cc1)c1ccc(Br)cc1.O=S(=O)(O)O,1,26670130
CC12C3(C)[C@]4(C)[C@@]5(C)[C@@]1(C)[Fe]23451678C2[C@@H]1[C@H]6[C@@]71N=CC=C(N3CCCC3)C218,1,26669877
O=C(O)/C(=C\c1cccc([N+](=O)[O-])c1)c1ccc(S(=O)(=O)N2CCCCC2)s1,1,26669772
Cc1cc(/C=N/NC(=O)C(O)(c2ccccc2)c2ccccc2)c(C)n1-c1cccc(C(=O)O)c1,1,26669300
O=[N+]([O-])c1cc(F)c2cccnc2c1O,1,26666895
O=C(O)Cc1ccc(N=Nc2c(O)c(C(=O)O)cc3ccccc23)cc1,1,26666871
O=[N+]([O-])c1ccc(Sc2cccc[n+]2[O-])c2nonc12,1,26666864
O=c1oc2c(cc1O)oc(=O)c1cc(O)c(O)c(O)c12,1,26666750
NS(=O)(=O)c1ccc(N=Nc2cnc(O)c(O)c2)cc1,1,26666366
CCN(CC)CCNC(=O)c1ccc2c(c1NCCO)C(=O)c1ccccc1C2=O,1,26666086
Nc1ccc(Nc2ccccc2)c(S(=O)(=O)O)c1,1,26666043
Nc1cccc2ccc([As](=O)(O)O)cc12,1,26665872
O=c1c(O)cccc2cc(O)c(O)c(O)c12,1,26665710
Nc1cccc2c([As](=O)(O)O)cccc12,1,26665336
COc1cc(-c2ccc(Nc3ccccc3C(=O)O)c(OC)c2)ccc1Nc1ccccc1C(=O)O,1,26665141
CC#CC#Cc1cccc(=O)o1,1,26664939
CCC12CCCN3CCc4c(n(c5ccccc45)C(O)(C(=O)OC)C1)C32,1,26664576
Cc1ccc(Nc2ccc(N)cc2S(=O)(=O)O)cc1,1,26664331
CCC(CNc1cc(OC)cc2cccnc12)NC1CCCCC1,1,26664273
CN(C)c1cc(Cl)c2nonc2c1N,1,26664055
CC[C@@H](CO)NC(=O)[C@@H]1C=C2c3cccc4c3c(cn4C)C[C@H]2N(C)C1.O=C([O-])/C=C\C(=O)[O-],1,26663040
C/C(CC(=O)N1CCCC1)=N\NC(=O)c1cc2ccccc2cc1O,1,26661184
Cc1cc(/C=N/Nc2ccc([N+](=O)[O-])cn2)c(C)n1-c1cccc(C(=O)O)c1,1,26661004
O=C(O)c1ccc(N=Nc2c(O)[nH]c3cc(Cl)ccc23)cc1,1,26660706
Oc1ccc(/C=N/Nc2ccnc3cc(Cl)ccc23)cc1O,1,26660534
COc1cc(/C=C2\CCc3c2nc2ccccc2c3C(=O)O)cc(OC)c1OC,1,26658312
O=C(O)CC(CCc1ccccc1)OC1OC(CO)C(O)C(O)C1O,1,26657917
O=C(CCO)c1ccc(O)cc1,1,24841429
O=C(O)c1ccc(Cl)c(S(=O)(=O)Nc2ccc3c[nH]nc3c2)c1,1,24841236
Nc1cc(S(=O)(=O)O)cc([N+](=O)[O-])c1O,1,24841228
O=C(O)c1c2c(nc3ccccc13)/C(=C/c1ccc(O)cc1)CC2,1,24841217
O=C(O)Cc1c[nH]c2cccc(O)c12,1,24840663
COc1cc(C)c2c(c1C=O)Oc1c(c(C)c(O)c3c1C(O)OC3=O)OC2=O,1,24840609
O=C(NN1C(=O)CSC1=S)C(=O)NN1C(=O)CSC1=S,1,24840138
Cc1c(NC(=O)C(C)OC(=O)c2ccc([N+](=O)[O-])s2)c(=O)n(-c2ccccc2)n1C,1,24830280
COc1cc(SC)ccc1C(=O)OC(C)C(=O)NC1CCCC1,1,24829003
COc1ccccc1NC(=O)COC(=O)c1ccc([N+](=O)[O-])s1,1,24825938
O=c1c(CO)cc(CO)cc(CO)c1O,1,24824916
O=C(N/N=C1\C/C(=N\NC(=O)c2ccncc2)c2ccccc21)c1ccncc1,1,24824662
CC(=O)N1CCc2c(sc(NC(=O)c3ccc([N+](=O)[O-])o3)c2C#N)C1,1,24824109
O=C(CSc1ccsc1[N+](=O)[O-])Nc1cccc(F)c1,1,24823916
Cc1cc2nc3c(=O)[nH]c(=O)[nH]c3nc2c([N+](=O)[O-])c1N,1,24823842
C/C(=N/NC(=O)c1cc(O)c(O)c(O)c1)c1ccc([N+](=O)[O-])cc1,1,24823681
CCOC(=O)COc1ccc(Br)cc1/C=C/c1nc(O)nc(O)c1[N+](=O)[O-],1,24823662
O=c1oc2ccccc2c2oc3cc(O)c(O)cc3c12,1,24823568
COc1ccc(/C=N/NC(=O)c2cc(O)c(O)c(O)c2)cc1Cn1cc([N+](=O)[O-])cn1,1,24823527
Cc1nnc(N/N=C/c2ccccc2O)n1N,1,24823501
O=C(CSc1ccsc1[N+](=O)[O-])NCc1ccco1,1,24823087
O=C1NC(=O)N(c2ccccc2)C(=O)/C1=C/c1ccc([N+](=O)[O-])s1,1,24822970
COc1cccc(N2C(=O)NC(=O)/C(=C\c3ccc([N+](=O)[O-])s3)C2=O)c1,1,24822969
O=C(NCCCO)c1ccc2nc(-c3ccco3)c(-c3ccco3)nc2c1,1,24821219
O=c1c(-c2cc(O)[nH]n2)c(O)c2ccccc2n1Cc1ccccc1,1,24819756
O=[N+]([O-])c1cc(CN2CCN(c3cccc(C(F)(F)F)c3)CC2)c2cccnc2c1O,1,24813235
O=S(=O)(Nc1cc(Sc2nc[nH]n2)c(O)c2ccccc12)c1ccccc1,1,24813200
COc1ccc(CCN2CC(C(=O)NCCc3ccc(C)cc3)CC2=O)cc1OC,1,24812318
CN(C)c1ccc2nc3ccc(=[N+](C)C)cc-3sc2c1.[Cl-],1,24811249
CC1=NN(c2ccc(C)c(C)c2)C(=O)/C1=C\C=C\c1ccc([N+](=O)[O-])o1,1,24810055
CCCc1nc2c(=O)n(C)c(=O)nc-2n(C)n1,1,24809205
O=C(NN1C(=O)C2CC=C(Cl)CC2C1=O)c1ccncc1,1,24806503
COc1ccc(CC(=O)Nc2ncc([N+](=O)[O-])s2)cc1OC,1,24806261
Cc1c(CCC(=O)O)c(=O)oc2c(C)c(OCc3cc4c(cc3Cl)OCO4)ccc12,1,24805909
Cc1ccc2cc(N)ccc2n1,1,24805352
COc1ccc(/C=C2\SC(=S)NC2=O)cc1OS(=O)(=O)c1ccc(NC(C)=O)cc1,1,24804123
Cc1cc(/C=N/Nc2ccc([N+](=O)[O-])cn2)c(C)n1-c1ccc(C(=O)O)cc1,1,24803976
O=C(O)C1C2C=CC(C2)C1C(=O)NCc1cccs1,1,24802092
O=C(Nc1cccc(Oc2ccc(C(=O)O)c(C(=O)O)c2)c1)c1ccc(-c2ccccc2)cc1,1,24801699
CCCSC1=N/C(=C\c2ccc([N+](=O)[O-])o2)C(=O)S1,1,24796019
Oc1ccc(NCc2cccc(OCc3ccc(F)cc3)c2)cc1,1,24795789
O=C1C2C(C(=O)N1/N=C/c1cc([N+](=O)[O-])c(O)cc1O)C1C=CC2C12CC2,1,24788092
N#CC1=C(N)Oc2c(c(=O)oc3ccccc23)C1c1ccc([N+](=O)[O-])o1,1,24788086
O=C(O)c1ccc2c3c(cccc13)C(=O)N(c1ccccc1)C2=O,1,24787968
COc1ccc(Cl)cc1N(CC(=O)N/N=C/c1ccc(OCC(N)=O)cc1)S(C)(=O)=O,1,24787962
O=C(O)c1ccc(NS(=O)(=O)c2ccc3c(c2)C2C=CCC2C(c2ccccc2F)N3)cc1,1,24787907
O=C(O)CC1SC(N/N=C/c2ccc(-c3ccc(Cl)c([N+](=O)[O-])c3)o2)=NC1=O,1,24787358
O=c1c2ccccc2nc(/C=C/c2cccnc2)n1Cc1ccccc1,1,24787209
COc1ccc(-n2c(C)cc(/C=C/c3nc(O)c([N+](=O)[O-])c(O)n3)c2C)cc1,1,24787025
Nc1cc2nn(-c3ccccc3)nc2cc1Cl,1,24786931
COc1cc(/C=N/Nc2ccc(C(=O)O)cc2)ccc1O,1,24786615
O=C(Nc1ccccc1F)c1coc(=O)c(Br)c1,1,24783929
O=C(O)c1ccc(N2C(=O)c3cccc4c(C(=O)O)ccc(c34)C2=O)cc1,1,24783304
Cc1ccc(NC(=O)c2noc3c2CCC3)cc1C,1,24782975
O=C(CCN1CCN(c2ccccc2)CC1)N/N=C/c1ccc(O)c(O)c1O,1,24782281
COC(=O)N/N=C1/C/C(=N\NC(=O)OC)c2ccccc21,1,24781175
CC(CNc1ccccc1O)C(=O)O,1,22415007
Cc1c(Br)c(=O)oc2c(Br)c(O)c(O)cc12,1,22414654
C=CCOc1c(OC)cc(/C=N/Nc2cccc(C(=O)O)c2)c(Br)c1Br,1,22414114
COc1ccccc1NC(=O)C(=N\O)/C(C)=N/O,1,22413503
CN(c1ccccc1)c1ccc(/C=C(\CCC(=O)O)c2nc3ccccc3s2)cc1[N+](=O)[O-],1,22411460
O=C(COC(=O)c1ccc([N+](=O)[O-])o1)NC1CCS(=O)(=O)C1,1,22408580
Cc1ccc(NC(=O)CN(C)C(=O)Cn2ncc(Cl)c(Cl)c2=O)cc1,1,22408394
CC(C)(C)c1ccc(NC(=O)COC(=O)c2ccc([N+](=O)[O-])s2)cc1,1,22408274
O=C(COC(=O)c1ccc([N+](=O)[O-])s1)Nc1ccccc1,1,22407926
O=C(O)CCN1CC2([N+](=O)[O-])C=CC(=O)C([N+](=O)[O-])(C1)C2CC(=O)c1ccccc1,1,22405913
Br.COc1cc2c(cc1OC)-c1c(OC)c(OC)cc3c1[C@H](C2)[NH+](C)CC3,1,22405523
COc1cc2c(cc1OC)-c1c3c(cc4c1[C@@H](C2)N(C)CC4)OCO3,1,22405464
Cc1cccc(NC2=C(NCCO)C(=O)c3ccccc3C2=O)c1,1,22404323
Cc1ccc(C(=O)c2coc3cc([N+](=O)[O-])c(O)c([N+](=O)[O-])c23)cc1,1,22401769
O=C(Nc1nnc(Cc2c[nH]c3ccccc23)s1)c1ccc(Cl)cc1Cl,1,17513839
O=C1OC(Nc2cc(Br)cc3cccnc23)c2ccccc21,1,17513574
CC1=NN(c2ccc(Cl)c(C(=O)O)c2)C(=O)C1,1,17507894
Cc1ccc(C)c(-n2c3nc(=O)[nH]c(=O)c-3cc3cc([N+](=O)[O-])ccc32)c1,1,17507890
O=c1nc2s/c(=C\c3ccc(-c4ccccc4[N+](=O)[O-])o3)c(=O)n2nc1-c1ccccc1,1,17504892
O=[N+]([O-])c1cc(/C=N/Nc2nc3ccccc3[nH]2)c(O)cc1O,1,17504207
O=C1c2cc([N+](=O)[O-])cc3cc([N+](=O)[O-])cc(c23)C(=O)N1c1ccccn1,1,17431724
Nc1ccc(Cc2ccc(N)c(C(=O)O)c2)cc1C(=O)O,1,17388038
COc1ccc(S(=O)(=O)Nc2cc(Sc3nc[nH]n3)c(O)c3ccccc23)cc1,1,16952410
CC1(CC(=O)N/N=C/c2cc([N+](=O)[O-])c(O)cc2O)OCCO1,1,14744747
CCOC(=O)c1sc(NC(=O)C2C3C=CC(C3)C2C(=O)O)nc1C,1,14739765
O=c1oc(-c2ccccc2)nc2sc3c(c12)CCC3,1,14730491
C[C@](N)(Cc1ccc(O)c(O)c1)C(=O)O,1,8139902
O=C(O)CCC(=O)NCc1ccc2[nH]c3c(c2c1)CCCC3,1,7971719
O=C1CC(C(=O)Nc2ccc(Br)cc2)C2(CCCC2)O1,1,4265048
CCOC(=O)c1nn(-c2ccc(OC)cc2)c(=O)c2c(N)scc12,1,4259887
CCC(C)NC(=O)CCNS(=O)(=O)c1ccc2c(c1)oc(=O)n2C,1,4251575
[O-][n+]1onc2c1CCc1c-2nn(-c2ccccc2Cl)[n+]1[O-],1,4250593
CCOC(=O)c1c(C)oc2c1c(/C=N/Cc1ccccn1)c(O)c1ccccc12,1,4242820
COc1ccc(Cc2nccc3cc(OC)c(OC)cc23)cc1OC.Cl,1,855961
Cc1cc(C)c2nc(-c3ccccn3)cc(C(=O)Nc3ccc(S(=O)(=O)Nc4onc(C)c4C)cc3)c2c1,1,143472045
CCCCNc1nc(NCc2ccccc2)nc2ccccc12,1,124753859
O=C(O)CCc1ccc(S(=O)(=O)Nc2cc(C(F)(F)F)ccc2N2CCCC2)cc1,1,57265208
O=C1Cc2ccccc2C(=O)N1c1ccc(F)cc1Cl,1,49674569
O=C(NCc1ccccc1Cl)c1ccc2[nH]cnc2c1,1,22408761
CC(C)(C)c1ccc(C(=O)Nn2c(CCC(=O)O)ccc2-c2cccs2)cc1,1,14736285
